0,-0.871597,28581,5469,8696,8420,8826,5544,-111,1
10,-0.871597,25541,5493,9919,8904,9988,5691,-111,1
20,-0.871597,23701,5855,10451,9133,10371,6025,-111,1
30,-0.871597,22640,6087,10531,9445,10637,6196,-111,1
40,-0.871597,21779,6238,10833,9443,10991,6252,-111,1
50,-0.871597,21193,6333,10932,9696,10937,6445,-111,1
60,-0.871597,20689,6477,11096,9793,11012,6469,-111,1
70,-0.871597,20211,6614,11199,9712,11202,6598,-111,1
80,-0.871597,19908,6747,11252,9634,11293,6702,-111,1
90,-0.871597,19593,6771,11392,9585,11313,6882,-111,1
100,-0.871597,19360,6825,11462,9725,11248,6916,-111,1
110,-0.871597,19011,6955,11372,9871,11265,7062,-111,1
120,-0.871597,18729,7157,11245,10055,11198,7152,-111,1
130,-0.871597,18439,7234,11318,9905,11335,7305,-111,1
140,-0.871597,18348,7226,11366,9959,11334,7303,-111,1
150,-0.871597,18194,7265,11435,9898,11387,7357,-111,1
160,-0.871597,17877,7463,11418,9821,11467,7490,-111,1
170,-0.871597,17708,7423,11529,9852,11525,7499,-111,1
180,-0.871597,17702,7479,11496,9824,11519,7516,-111,1
190,-0.871597,17441,7711,11363,9970,11444,7607,-111,1
200,-0.871597,17269,7669,11416,9975,11447,7760,-111,1
210,-0.871597,17223,7556,11623,9970,11288,7876,-111,1
220,-0.871597,17182,7697,11553,10026,11178,7900,-111,1
230,-0.871597,17077,7740,11506,10099,11193,7921,-111,1
240,-0.871597,16819,7857,11546,9997,11316,8001,-111,1
250,-0.871597,16702,7901,11571,9918,11425,8019,-111,1
260,-0.871597,16657,7948,11615,9872,11495,7949,-111,1
270,-0.871597,16513,8115,11597,9805,11540,7966,-111,1
280,-0.871597,16494,8061,11591,9993,11452,7945,-111,1
290,-0.871597,16555,8007,11506,10013,11504,7951,-111,1
300,-0.871597,16461,8103,11514,9925,11475,8058,-111,1
310,-0.871597,16437,8059,11507,9938,11556,8039,-111,1
320,-0.871597,16222,8323,11404,9948,11531,8108,-111,1
330,-0.871597,16227,8186,11531,9877,11623,8092,-111,1
340,-0.871597,16208,8208,11496,9908,11570,8146,-111,1
350,-0.871597,16114,8135,11648,9830,11620,8189,-111,1
360,-0.871597,16060,8190,11600,9927,11536,8223,-111,1
370,-0.871597,15801,8318,11639,9800,11591,8387,-111,1
380,-0.871597,15842,8260,11672,9808,11616,8338,-111,1
390,-0.871597,15749,8319,11559,9916,11593,8400,-111,1
400,-0.871597,15596,8424,11568,9878,11693,8377,-111,1
410,-0.871597,15641,8354,11637,9890,11633,8381,-111,1
420,-0.871597,15538,8449,11590,9925,11565,8469,-111,1
430,-0.871597,15464,8462,11602,9954,11538,8516,-111,1
440,-0.871597,15483,8474,11619,9977,11461,8522,-111,1
450,-0.871597,15382,8598,11613,9898,11599,8446,-111,1
460,-0.871597,15263,8670,11552,9966,11596,8489,-111,1
470,-0.871597,15251,8638,11522,9967,11570,8588,-111,1
480,-0.871597,15339,8669,11454,10055,11512,8507,-111,1
490,-0.871597,15243,8636,11520,10038,11607,8492,-111,1
500,-0.871597,15317,8619,11507,10030,11605,8458,-111,1
510,-0.871597,15330,8680,11463,10026,11660,8377,-111,1
520,-0.871597,15318,8705,11387,10085,11618,8423,-111,1
530,-0.871597,15264,8621,11465,10059,11612,8515,-111,1
540,-0.871597,15160,8728,11347,10162,11586,8553,-111,1
550,-0.871597,15154,8806,11370,10128,11631,8447,-111,1
560,-0.871597,15025,8866,11422,10070,11616,8537,-111,1
570,-0.871597,14993,8830,11381,10088,11737,8507,-111,1
580,-0.871613,14907,8912,11386,10157,11578,8596,-111,2
590,-0.871597,14984,8793,11411,10144,11672,8532,-111,1
600,-0.871597,14912,8830,11503,10106,11528,8657,-111,1
610,-0.871597,14917,8781,11536,10119,11582,8601,-111,1
620,-0.871597,14916,8802,11407,10234,11520,8657,-111,1
630,-0.871597,14868,8808,11541,10153,11483,8683,-111,1
640,-0.871597,14832,8855,11397,10281,11430,8741,-111,1
650,-0.871597,14718,8856,11501,10222,11456,8783,-111,1
660,-0.871597,14627,8767,11612,10188,11356,8986,-111,1
670,-0.871613,14663,8847,11524,10279,11355,8868,-111,2
680,-0.871597,14735,8952,11439,10233,11381,8796,-111,1
690,-0.871597,14659,8990,11424,10130,11557,8776,-111,1
700,-0.871597,14606,8998,11394,10173,11596,8769,-111,1
710,-0.871597,14566,9036,11354,10195,11554,8831,-111,1
720,-0.871597,14544,8993,11374,10233,11531,8861,-111,1
730,-0.871597,14546,8958,11503,10123,11505,8901,-111,1
740,-0.871613,14477,9116,11453,10092,11486,8912,-111,2
750,-0.871613,14545,9027,11448,10128,11444,8944,-111,2
760,-0.871597,14456,9055,11481,10184,11430,8930,-111,1
770,-0.871597,14418,9192,11415,10137,11535,8839,-111,1
780,-0.871597,14415,9087,11557,10023,11624,8830,-111,1
790,-0.871597,14407,9188,11364,10176,11675,8726,-111,1
800,-0.871597,14391,9174,11408,10130,11608,8825,-111,1
810,-0.871597,14384,9132,11424,10139,11636,8821,-111,1
820,-0.871597,14407,9062,11544,10076,11643,8804,-111,1
830,-0.871597,14301,9122,11493,10164,11566,8890,-111,1
840,-0.871597,14271,9155,11502,10150,11582,8876,-111,1
850,-0.871597,14316,9102,11629,10026,11635,8828,-111,1
860,-0.871597,14259,9119,11507,10175,11582,8894,-111,1
870,-0.871597,14254,9219,11472,10152,11503,8936,-111,1
880,-0.871597,14166,9294,11453,10239,11511,8873,-111,1
890,-0.871597,14126,9344,11474,10136,11582,8874,-111,1
900,-0.871597,14088,9277,11452,10191,11524,9004,-111,1
910,-0.871597,14144,9237,11499,10156,11577,8923,-111,1
920,-0.871597,14146,9224,11496,10180,11474,9016,-111,1
930,-0.871597,14180,9204,11580,10125,11512,8935,-111,1
940,-0.871597,14094,9237,11558,10169,11470,9008,-111,1
950,-0.871597,14156,9181,11580,10206,11424,8989,-111,1
960,-0.871597,14088,9228,11455,10252,11440,9073,-111,1
970,-0.871597,14127,9165,11586,10207,11485,8966,-111,1
980,-0.871597,14305,9050,11558,10137,11590,8896,-111,1
990,-0.871597,14187,9143,11596,10131,11529,8950,-111,1
1000,-0.871597,14148,9065,11715,10161,11465,8982,-111,1
1010,-0.871597,14125,9031,11713,10202,11383,9082,-111,1
1020,-0.871613,14124,9084,11697,10173,11393,9065,-111,2
1030,-0.871597,14185,9140,11595,10149,11438,9029,-111,1
1040,-0.871597,14122,9163,11603,10171,11419,9058,-111,1
1050,-0.871613,14095,9270,11525,10148,11474,9024,-111,2
1060,-0.871597,14017,9281,11553,10114,11471,9100,-111,1
1070,-0.871597,14013,9277,11546,10218,11444,9038,-111,1
1080,-0.871597,14028,9166,11540,10280,11419,9103,-111,1
1090,-0.871597,14031,9119,11633,10256,11408,9089,-111,1
1100,-0.871597,14023,9212,11493,10237,11425,9146,-111,1
1110,-0.871597,13928,9283,11538,10234,11507,9046,-111,1
1120,-0.871597,13918,9224,11617,10215,11429,9133,-111,1
1130,-0.871597,13818,9304,11559,10273,11398,9184,-111,1
1140,-0.871597,13931,9257,11508,10271,11530,9039,-111,1
1150,-0.871597,13933,9137,11583,10351,11465,9067,-111,1
1160,-0.871597,13941,9254,11421,10350,11493,9077,-111,1
1170,-0.871597,13906,9337,11410,10297,11519,9067,-111,1
1180,-0.871597,13867,9312,11389,10396,11395,9177,-111,1
1190,-0.871597,13804,9321,11490,10220,11521,9180,-111,1
1200,-0.871597,13725,9401,11398,10318,11487,9207,-111,1
1210,-0.871597,13732,9405,11499,10233,11478,9189,-111,1
1220,-0.871597,13634,9423,11475,10253,11519,9232,-111,1
1230,-0.871597,13607,9415,11469,10314,11415,9316,-111,1
1240,-0.871597,13658,9360,11581,10183,11435,9319,-111,1
1250,-0.871597,13631,9454,11428,10244,11492,9287,-111,1
1260,-0.871597,13625,9433,11512,10208,11547,9211,-111,1
1270,-0.871597,13636,9390,11614,10115,11597,9184,-111,1
1280,-0.871597,13645,9496,11450,10247,11497,9201,-111,1
1290,-0.871597,13581,9499,11511,10197,11486,9262,-111,1
1300,-0.871597,13640,9448,11492,10214,11505,9237,-111,1
1310,-0.871597,13533,9494,11530,10226,11439,9314,-111,1
1320,-0.871597,13530,9477,11483,10243,11428,9375,-111,1
1330,-0.871597,13487,9550,11383,10328,11473,9315,-111,1
1340,-0.871613,13529,9523,11365,10368,11358,9393,-111,2
1350,-0.871597,13435,9528,11371,10370,11427,9405,-111,1
1360,-0.871597,13320,9670,11366,10332,11462,9386,-111,1
1370,-0.871597,13456,9610,11347,10366,11473,9284,-111,1
1380,-0.871597,13483,9664,11374,10281,11470,9264,-111,1
1390,-0.871597,13460,9656,11369,10354,11450,9247,-111,1
1400,-0.871597,13437,9618,11450,10277,11522,9232,-111,1
1410,-0.871597,13443,9588,11456,10245,11574,9230,-111,1
1420,-0.871597,13447,9574,11495,10172,11559,9289,-111,1
1430,-0.871597,13498,9454,11519,10191,11519,9355,-111,1
1440,-0.871597,13436,9510,11543,10150,11484,9413,-111,1
1450,-0.871597,13393,9584,11475,10170,11474,9440,-111,1
1460,-0.871597,13375,9636,11457,10188,11419,9461,-111,1
1470,-0.871597,13212,9728,11393,10225,11384,9594,-111,1
1480,-0.871597,13346,9605,11467,10127,11467,9524,-111,1
1490,-0.871597,13328,9638,11432,10124,11453,9561,-111,1
1500,-0.871597,13212,9719,11414,10197,11451,9543,-111,1
1510,-0.871597,13237,9721,11415,10111,11568,9484,-111,1
1520,-0.871597,13294,9713,11363,10209,11475,9482,-111,1
1530,-0.871597,13347,9572,11402,10259,11460,9496,-111,1
1540,-0.871597,13270,9654,11333,10307,11425,9547,-111,1
1550,-0.871597,13257,9607,11410,10257,11460,9545,-111,1
1560,-0.871597,13275,9573,11509,10218,11417,9544,-111,1
1570,-0.871597,13233,9617,11501,10158,11505,9522,-111,1
1580,-0.871597,13239,9666,11518,10119,11490,9504,-111,1
1590,-0.871597,13138,9770,11429,10171,11524,9504,-111,1
1600,-0.871597,13199,9696,11410,10218,11594,9419,-111,1
1610,-0.871597,13231,9632,11508,10185,11457,9523,-111,1
1620,-0.871597,13222,9723,11555,10135,11492,9409,-111,1
1630,-0.871597,13250,9631,11581,10036,11564,9474,-111,1
1640,-0.871597,13291,9546,11566,10157,11462,9514,-111,1
1650,-0.871597,13253,9541,11631,10149,11523,9439,-111,1
1660,-0.871597,13306,9560,11573,10192,11519,9386,-111,1
1670,-0.871597,13340,9477,11578,10241,11450,9450,-111,1
1680,-0.871597,13290,9580,11520,10155,11541,9450,-111,1
1690,-0.871597,13227,9629,11533,10202,11495,9450,-111,1
1700,-0.871597,13322,9562,11487,10280,11509,9376,-111,1
1710,-0.871597,13274,9628,11473,10270,11427,9464,-111,1
1720,-0.871597,13313,9705,11426,10298,11375,9419,-111,1
1730,-0.871597,13407,9557,11452,10296,11488,9336,-111,1
1740,-0.871597,13260,9681,11475,10187,11587,9346,-111,1
1750,-0.871597,13244,9589,11559,10187,11525,9432,-111,1
1760,-0.871597,13226,9567,11558,10274,11394,9517,-111,1
1770,-0.871597,13212,9552,11579,10223,11507,9463,-111,1
1780,-0.871597,13275,9589,11434,10290,11395,9553,-111,1
1790,-0.871597,13217,9597,11468,10326,11441,9487,-111,1
1800,-0.871597,13012,9698,11538,10262,11401,9625,-111,1
1810,-0.871597,13215,9528,11514,10340,11331,9608,-111,1
1820,-0.871597,13021,9821,11428,10307,11374,9585,-111,1
1830,-0.871597,13115,9739,11394,10326,11338,9624,-111,1
1840,-0.871597,13175,9583,11488,10329,11291,9670,-111,1
1850,-0.871597,13202,9568,11527,10256,11258,9725,-111,1
1860,-0.871597,13123,9622,11566,10175,11293,9757,-111,1
1870,-0.871597,13091,9699,11455,10279,11289,9723,-111,1
1880,-0.871597,13057,9676,11538,10237,11297,9731,-111,1
1890,-0.871597,12926,9802,11535,10222,11256,9795,-111,1
1900,-0.871597,12953,9797,11490,10155,11358,9783,-111,1
1910,-0.871597,12980,9784,11425,10298,11264,9785,-111,1
1920,-0.871597,12915,9796,11509,10226,11452,9638,-111,1
1930,-0.871597,12917,9863,11368,10314,11394,9680,-111,1
1940,-0.871597,12932,9865,11346,10334,11325,9734,-111,1
1950,-0.871597,12945,9849,11309,10275,11426,9732,-111,1
1960,-0.871597,12872,9933,11336,10313,11383,9699,-111,1
1970,-0.871597,12953,9865,11301,10346,11353,9718,-111,1
1980,-0.871597,12941,9847,11303,10348,11331,9766,-111,1
1990,-0.871597,12935,9826,11339,10304,11348,9784,-111,1
2000,-0.871597,12972,9832,11328,10269,11426,9709,-111,1
2010,-0.871597,13028,9805,11366,10189,11428,9720,-111,1
2020,-0.871597,13131,9740,11380,10126,11471,9688,-111,1
2030,-0.871597,13165,9674,11408,10208,11426,9655,-111,1
2040,-0.871597,13162,9702,11419,10194,11370,9689,-111,1
2050,-0.871597,13138,9669,11499,10276,11305,9649,-111,1
2060,-0.871597,13083,9724,11438,10246,11316,9729,-111,1
2070,-0.871597,13093,9721,11466,10189,11403,9664,-111,1
2080,-0.871597,13092,9699,11407,10316,11366,9656,-111,1
2090,-0.871597,13072,9804,11428,10278,11314,9640,-111,1
2100,-0.871597,13057,9730,11466,10254,11384,9645,-111,1
2110,-0.871597,13019,9714,11492,10240,11391,9680,-111,1
2120,-0.871597,13050,9780,11413,10244,11376,9673,-111,1
2130,-0.871597,13019,9844,11370,10223,11391,9689,-111,1
2140,-0.871597,12954,9819,11310,10327,11305,9821,-111,1
2150,-0.871597,12996,9781,11277,10372,11346,9764,-111,1
2160,-0.871597,13001,9804,11307,10347,11314,9763,-111,1
2170,-0.871597,12972,9792,11355,10387,11260,9770,-111,1
2180,-0.871597,13070,9772,11352,10418,11228,9696,-111,1
2190,-0.871597,13112,9734,11289,10492,11221,9688,-111,1
2200,-0.871597,13086,9722,11336,10436,11262,9694,-111,1
2210,-0.871597,13120,9710,11398,10390,11303,9615,-111,1
2220,-0.871597,13037,9850,11278,10361,11346,9664,-111,1
2230,-0.871597,13054,9649,11439,10350,11274,9770,-111,1
2240,-0.871597,13033,9610,11456,10393,11287,9757,-111,1
2250,-0.871597,13136,9513,11455,10346,11384,9702,-111,1
2260,-0.871597,13132,9482,11496,10382,11421,9623,-111,1
2270,-0.871597,13120,9603,11419,10330,11398,9666,-111,1
2280,-0.871597,13139,9577,11483,10229,11481,9627,-111,1
2290,-0.871597,13231,9560,11407,10333,11533,9472,-111,1
2300,-0.871597,13169,9498,11499,10298,11542,9530,-111,1
2310,-0.871597,13283,9475,11500,10282,11425,9571,-111,1
2320,-0.871597,13108,9577,11565,10215,11476,9595,-111,1
2330,-0.871597,13067,9577,11513,10199,11521,9659,-111,1
2340,-0.871597,12925,9641,11488,10204,11514,9764,-111,1
2350,-0.871597,13044,9618,11517,10173,11547,9637,-111,1
2360,-0.871597,12993,9692,11391,10303,11428,9729,-111,1
2370,-0.871597,13043,9665,11447,10218,11518,9645,-111,1
2380,-0.871597,13078,9622,11562,10181,11556,9537,-111,1
2390,-0.871597,12941,9703,11521,10272,11451,9648,-111,1
2400,-0.871597,13078,9578,11631,10245,11388,9616,-111,1
2410,-0.871597,13068,9550,11651,10195,11398,9674,-111,1
2420,-0.871613,13050,9553,11608,10266,11349,9710,-111,2
2430,-0.871597,13086,9570,11594,10197,11378,9711,-111,1
2440,-0.871597,13014,9601,11630,10184,11407,9700,-111,1
2450,-0.871597,13018,9701,11451,10249,11464,9653,-111,1
2460,-0.871597,13080,9635,11414,10267,11447,9693,-111,1
2470,-0.871597,12974,9753,11365,10307,11436,9701,-111,1
2480,-0.871597,13055,9767,11200,10445,11424,9645,-111,1
2490,-0.871597,13063,9598,11408,10382,11304,9781,-111,1
2500,-0.871597,12970,9815,11294,10345,11354,9758,-111,1
2510,-0.871597,13019,9749,11309,10332,11325,9802,-111,1
2520,-0.871597,13052,9650,11509,10209,11346,9770,-111,1
2530,-0.871597,12979,9714,11438,10244,11328,9833,-111,1
2540,-0.871597,12956,9756,11423,10304,11248,9849,-111,1
2550,-0.871597,12909,9737,11352,10498,11213,9827,-111,1
2560,-0.871597,12932,9739,11442,10312,11259,9852,-111,1
2570,-0.871597,12947,9698,11507,10408,11280,9696,-111,1
2580,-0.871597,12897,9773,11489,10293,11353,9731,-111,1
2590,-0.871597,12841,9849,11417,10333,11245,9851,-111,1
2600,-0.871597,12949,9704,11543,10202,11304,9834,-111,1
2610,-0.871597,12932,9708,11499,10278,11383,9736,-111,1
2620,-0.871597,12966,9638,11477,10234,11399,9822,-111,1
2630,-0.871597,12940,9728,11520,10198,11380,9770,-111,1
2640,-0.871597,12761,9881,11341,10342,11402,9809,-111,1
2650,-0.871597,12762,9830,11499,10225,11321,9899,-111,1
2660,-0.871597,12813,9712,11488,10338,11284,9901,-111,1
2670,-0.871597,12763,9715,11511,10297,11299,9951,-111,1
2680,-0.871597,12810,9711,11588,10163,11394,9870,-111,1
2690,-0.871597,12865,9707,11569,10214,11418,9763,-111,1
2700,-0.871597,12733,9841,11425,10173,11504,9860,-111,1
2710,-0.871597,12748,9877,11466,10202,11468,9775,-111,1
2720,-0.871597,12924,9726,11529,10191,11457,9709,-111,1
2730,-0.871597,12824,9795,11417,10301,11385,9814,-111,1
2740,-0.871597,12881,9829,11403,10287,11367,9769,-111,1
2750,-0.871597,12828,9812,11427,10359,11256,9854,-111,1
2760,-0.871597,12910,9758,11496,10209,11375,9788,-111,1
2770,-0.871597,12844,9851,11376,10374,11178,9913,-111,1
2780,-0.871597,12923,9750,11468,10258,11278,9859,-111,1
2790,-0.871613,12936,9749,11357,10330,11380,9784,-111,2
2800,-0.871597,12891,9792,11397,10261,11424,9771,-111,1
2810,-0.871597,12875,9781,11434,10187,11517,9742,-111,1
2820,-0.871597,12929,9730,11380,10354,11356,9787,-111,1
2830,-0.871597,12861,9773,11445,10326,11418,9713,-111,1
2840,-0.871597,12894,9779,11456,10297,11339,9771,-111,1
2850,-0.871597,12993,9791,11394,10327,11378,9653,-111,1
2860,-0.871597,12951,9765,11360,10339,11414,9707,-111,1
2870,-0.871597,12965,9781,11327,10453,11314,9696,-111,1
2880,-0.871597,12865,9733,11452,10359,11328,9799,-111,1
2890,-0.871597,12861,9676,11554,10334,11341,9770,-111,1
2900,-0.871597,12868,9638,11593,10292,11378,9767,-111,1
2910,-0.871597,12852,9625,11496,10321,11400,9842,-111,1
2920,-0.871597,12826,9662,11445,10394,11365,9844,-111,1
2930,-0.871597,12806,9649,11504,10428,11254,9895,-111,1
2940,-0.871597,12813,9691,11426,10462,11327,9817,-111,1
2950,-0.871597,12834,9673,11498,10327,11377,9827,-111,1
2960,-0.871597,12949,9754,11454,10335,11246,9798,-111,1
2970,-0.871597,12910,9720,11386,10383,11353,9784,-111,1
2980,-0.871597,12918,9654,11524,10385,11341,9714,-111,1
2990,-0.871597,12802,9700,11558,10282,11392,9802,-111,1
3000,-0.871597,12866,9757,11437,10335,11299,9842,-111,1
3010,-0.871597,12785,9891,11356,10329,11403,9772,-111,1
3020,-0.871597,12876,9783,11343,10373,11335,9826,-111,1
3030,-0.871597,12725,9882,11396,10311,11366,9856,-111,1
3040,-0.871597,12790,9842,11426,10383,11212,9883,-111,1
3050,-0.871597,12732,9770,11468,10326,11349,9891,-111,1
3060,-0.871597,12684,9767,11443,10365,11298,9979,-111,1
3070,-0.871597,12761,9777,11347,10452,11293,9906,-111,1
3080,-0.871597,12688,9832,11352,10365,11358,9941,-111,1
3090,-0.871597,12706,9829,11310,10475,11317,9899,-111,1
3100,-0.871597,12611,9940,11383,10371,11318,9913,-111,1
3110,-0.871597,12705,9840,11338,10402,11377,9874,-111,1
3120,-0.871597,12722,9846,11433,10289,11351,9895,-111,1
3130,-0.871597,12663,9864,11350,10371,11335,9953,-111,1
3140,-0.871597,12677,9755,11495,10226,11330,10053,-111,1
3150,-0.871597,12731,9764,11480,10259,11406,9896,-111,1
3160,-0.871597,12583,9794,11490,10272,11355,10042,-111,1
3170,-0.871597,12617,9898,11431,10185,11455,9950,-111,1
3180,-0.871597,12699,9802,11490,10273,11340,9932,-111,1
3190,-0.871597,12645,9755,11513,10329,11288,10006,-111,1
3200,-0.871613,12590,9811,11540,10257,11359,9979,-111,2
3210,-0.871597,12669,9744,11559,10199,11344,10021,-111,1
3220,-0.871597,12680,9762,11491,10321,11358,9924,-111,1
3230,-0.871597,12605,9803,11501,10204,11388,10035,-111,1
3240,-0.871597,12599,9763,11568,10168,11409,10029,-111,1
3250,-0.871597,12647,9733,11558,10287,11386,9925,-111,1
3260,-0.871597,12589,9763,11510,10278,11374,10022,-111,1
3270,-0.871597,12592,9838,11486,10291,11381,9948,-111,1
3280,-0.871597,12579,9881,11438,10286,11442,9910,-111,1
3290,-0.871597,12667,9903,11336,10344,11310,9976,-111,1
3300,-0.871597,12628,9924,11322,10370,11282,10010,-111,1
3310,-0.871597,12633,10014,11314,10331,11353,9891,-111,1
3320,-0.871597,12690,9948,11318,10385,11326,9869,-111,1
3330,-0.871597,12602,9984,11288,10386,11380,9896,-111,1
3340,-0.871597,12652,9949,11414,10302,11300,9919,-111,1
3350,-0.871597,12597,9871,11393,10395,11319,9961,-111,1
3360,-0.871597,12587,9897,11501,10259,11319,9973,-111,1
3370,-0.871597,12623,9919,11353,10355,11357,9929,-111,1
3380,-0.871597,12559,9927,11428,10289,11337,9996,-111,1
3390,-0.871597,12589,9953,11470,10166,11454,9904,-111,1
3400,-0.871597,12630,9972,11404,10197,11477,9856,-111,1
3410,-0.871597,12608,9864,11483,10217,11414,9950,-111,1
3420,-0.871597,12515,9987,11431,10186,11471,9946,-111,1
3430,-0.871597,12550,9970,11436,10247,11508,9825,-111,1
3440,-0.871597,12584,9969,11412,10247,11465,9859,-111,1
3450,-0.871597,12486,10003,11317,10362,11439,9929,-111,1
3460,-0.871597,12534,9923,11357,10313,11472,9937,-111,1
3470,-0.871597,12524,9933,11340,10356,11389,9994,-111,1
3480,-0.871597,12381,9979,11308,10355,11446,10067,-111,1
3490,-0.871597,12475,9990,11332,10207,11515,10017,-111,1
3500,-0.871597,12421,10000,11372,10325,11342,10076,-111,1
3510,-0.871597,12434,9937,11480,10295,11339,10051,-111,1
3520,-0.871597,12479,9879,11466,10336,11295,10081,-111,1
3530,-0.871597,12483,9905,11332,10378,11338,10100,-111,1
3540,-0.871597,12524,9828,11492,10358,11268,10066,-111,1
3550,-0.871597,12406,9878,11424,10467,11127,10234,-111,1
3560,-0.871597,12414,9872,11452,10344,11259,10195,-111,1
3570,-0.871597,12492,9918,11366,10420,11211,10129,-111,1
3580,-0.871597,12415,9977,11361,10443,11235,10105,-111,1
3590,-0.871597,12420,9928,11424,10452,11190,10122,-111,1
3600,-0.871597,12401,9966,11441,10379,11205,10144,-111,1
3610,-0.871613,12583,9913,11402,10325,11311,10002,-111,2
3620,-0.871597,12655,9882,11387,10345,11228,10039,-111,1
3630,-0.871597,12498,9889,11468,10381,11197,10103,-111,1
3640,-0.871597,12687,9781,11539,10347,11208,9974,-111,1
3650,-0.871597,12555,9907,11433,10375,11236,10030,-111,1
3660,-0.871597,12586,9893,11361,10401,11323,9972,-111,1
3670,-0.871597,12560,9967,11342,10461,11223,9983,-111,1
3680,-0.871597,12505,10007,11321,10513,11167,10023,-111,1
3690,-0.871597,12497,10019,11394,10406,11213,10007,-111,1
3700,-0.871597,12529,9995,11314,10464,11217,10017,-111,1
3710,-0.871597,12487,9965,11266,10530,11203,10085,-111,1
3720,-0.871597,12542,10018,11279,10522,11195,9980,-111,1
3730,-0.871597,12414,10096,11221,10532,11206,10067,-111,1
3740,-0.871597,12513,9973,11292,10447,11209,10102,-111,1
3750,-0.871597,12567,9898,11366,10591,11050,10064,-111,1
3760,-0.871597,12427,10046,11327,10489,11142,10105,-111,1
3770,-0.871597,12488,9955,11330,10544,11135,10084,-111,1
3780,-0.871597,12539,9916,11377,10472,11199,10033,-111,1
3790,-0.871597,12534,9923,11325,10542,11149,10063,-111,1
3800,-0.871597,12457,9993,11310,10494,11080,10202,-111,1
3810,-0.871613,12482,9966,11318,10631,11043,10096,-111,2
3820,-0.871597,12477,10043,11289,10578,11128,10021,-111,1
3830,-0.871597,12572,9987,11240,10593,11154,9990,-111,1
3840,-0.871597,12602,10002,11270,10553,11188,9921,-111,1
3850,-0.871597,12593,9967,11338,10514,11183,9941,-111,1
3860,-0.871597,12543,9883,11256,10632,11139,10083,-111,1
3870,-0.871597,12434,10023,11280,10577,11129,10093,-111,1
3880,-0.871597,12499,9945,11304,10543,11187,10058,-111,1
3890,-0.871597,12514,9972,11224,10605,11207,10014,-111,1
3900,-0.871597,12576,10000,11204,10585,11187,9984,-111,1
3910,-0.871597,12573,9960,11346,10489,11187,9981,-111,1
3920,-0.871597,12624,9932,11395,10401,11291,9893,-111,1
3930,-0.871597,12540,9967,11433,10243,11382,9971,-111,1
3940,-0.871597,12490,10026,11351,10348,11312,10009,-111,1
3950,-0.871597,12602,9980,11357,10440,11254,9903,-111,1
3960,-0.871597,12610,9892,11372,10453,11234,9975,-111,1
3970,-0.871597,12640,9966,11330,10387,11337,9876,-111,1
3980,-0.871597,12653,9890,11299,10432,11315,9947,-111,1
3990,-0.871597,12565,10054,11290,10399,11330,9898,-111,1
4000,-0.871597,12609,9974,11252,10509,11281,9911,-111,1
4010,-0.871597,12626,9959,11213,10513,11299,9926,-111,1
4020,-0.871597,12506,10095,11122,10600,11204,10009,-111,1
4030,-0.871597,12584,10018,11168,10515,11280,9971,-111,1
4040,-0.871597,12555,9977,11223,10500,11319,9962,-111,1
4050,-0.871597,12577,10035,11202,10459,11352,9911,-111,1
4060,-0.871597,12399,10075,11287,10367,11369,10039,-111,1
4070,-0.871597,12427,10112,11248,10442,11305,10002,-111,1
4080,-0.871597,12373,10044,11292,10501,11300,10026,-111,1
4090,-0.871597,12352,9978,11328,10487,11249,10142,-111,1
4100,-0.871597,12355,10047,11217,10531,11252,10134,-111,1
4110,-0.871597,12453,10053,11253,10462,11279,10036,-111,1
4120,-0.871597,12448,10041,11283,10382,11402,9980,-111,1
4130,-0.871597,12429,10103,11280,10425,11403,9896,-111,1
4140,-0.871597,12469,9910,11371,10383,11477,9926,-111,1
4150,-0.871597,12436,9892,11413,10362,11335,10098,-111,1
4160,-0.871597,12407,9888,11393,10503,11231,10114,-111,1
4170,-0.871597,12376,9945,11409,10487,11282,10037,-111,1
4180,-0.871597,12532,9807,11454,10531,11221,9991,-111,1
4190,-0.871597,12384,10002,11360,10504,11230,10056,-111,1
4200,-0.871597,12485,9892,11420,10430,11329,9980,-111,1
4210,-0.871597,12494,9902,11373,10441,11273,10053,-111,1
4220,-0.871597,12415,9900,11442,10348,11354,10077,-111,1
4230,-0.871597,12328,9922,11452,10333,11342,10159,-111,1
4240,-0.871597,12307,9976,11439,10406,11269,10139,-111,1
4250,-0.871597,12263,9955,11425,10427,11352,10114,-111,1
4260,-0.871597,12287,9935,11388,10421,11359,10146,-111,1
4270,-0.871597,12328,9902,11424,10371,11354,10157,-111,1
4280,-0.871597,12277,9954,11423,10324,11450,10108,-111,1
4290,-0.871597,12317,10004,11363,10331,11450,10071,-111,1
4300,-0.871597,12320,10007,11368,10350,11324,10167,-111,1
4310,-0.871597,12340,9942,11383,10288,11357,10226,-111,1
4320,-0.871597,12308,9887,11526,10301,11389,10125,-111,1
4330,-0.871597,12298,9919,11471,10379,11303,10166,-111,1
4340,-0.871597,12281,9972,11419,10462,11138,10264,-111,1
4350,-0.871597,12289,9920,11380,10422,11300,10225,-111,1
4360,-0.871597,12239,10005,11382,10449,11160,10301,-111,1
4370,-0.871597,12225,9943,11423,10482,11105,10358,-111,1
4380,-0.871597,12184,10019,11394,10473,11141,10325,-111,1
4390,-0.871597,12068,10162,11349,10456,11184,10317,-111,1
4400,-0.871597,12102,10147,11419,10443,11146,10279,-111,1
4410,-0.871597,12243,10078,11372,10460,11176,10207,-111,1
4420,-0.871597,12312,9998,11377,10457,11194,10198,-111,1
4430,-0.871597,12222,9972,11419,10409,11241,10273,-111,1
4440,-0.871597,12242,10020,11354,10474,11237,10209,-111,1
4450,-0.871597,12155,10136,11359,10402,11287,10197,-111,1
4460,-0.871597,12196,10124,11231,10540,11210,10235,-111,1
4470,-0.871597,12220,10164,11237,10490,11277,10148,-111,1
4480,-0.871597,12252,10170,11180,10490,11272,10172,-111,1
4490,-0.871597,12309,10125,11158,10582,11251,10111,-111,1
4500,-0.871597,12258,10126,11225,10513,11210,10204,-111,1
4510,-0.871597,12169,10186,11321,10403,11335,10122,-111,1
4520,-0.871597,12237,10134,11351,10346,11304,10164,-111,1
4530,-0.871597,12139,10198,11353,10348,11330,10168,-111,1
4540,-0.871597,12161,10161,11309,10418,11311,10176,-111,1
4550,-0.871597,12192,10136,11409,10391,11271,10137,-111,1
4560,-0.871597,12168,10111,11328,10387,11332,10210,-111,1
4570,-0.871597,12182,10126,11373,10425,11197,10233,-111,1
4580,-0.871613,12166,10120,11395,10389,11248,10218,-111,2
4590,-0.871597,12130,10083,11394,10485,11170,10274,-111,1
4600,-0.871597,12176,10097,11338,10429,11228,10268,-111,1
4610,-0.871597,12210,10023,11425,10427,11263,10188,-111,1
4620,-0.871597,12183,10140,11389,10430,11206,10188,-111,1
4630,-0.871597,12194,10052,11413,10412,11251,10214,-111,1
4640,-0.871597,12107,10243,11293,10402,11225,10266,-111,1
4650,-0.871597,12246,10114,11338,10396,11201,10241,-111,1
4660,-0.871597,12224,10098,11437,10342,11248,10187,-111,1
4670,-0.871597,12169,10137,11467,10251,11173,10339,-111,1
4680,-0.871597,12136,10227,11418,10347,11057,10351,-111,1
4690,-0.871597,12120,10156,11497,10292,11139,10332,-111,1
4700,-0.871597,12150,10028,11508,10378,11114,10358,-111,1
4710,-0.871597,12180,10023,11526,10386,11121,10300,-111,1
4720,-0.871597,12150,9966,11489,10491,11063,10377,-111,1
4730,-0.871597,12245,10014,11389,10452,11007,10429,-111,1
4740,-0.871597,12171,10024,11441,10401,11074,10425,-111,1
4750,-0.871597,12050,10137,11394,10431,11161,10363,-111,1
4760,-0.871597,12110,10074,11423,10470,11062,10397,-111,1
4770,-0.871597,12071,10093,11448,10439,10979,10506,-111,1
4780,-0.871597,12059,10129,11459,10378,11155,10356,-111,1
4790,-0.871597,12055,10059,11469,10369,11152,10432,-111,1
4800,-0.871597,12087,10085,11444,10415,11007,10498,-111,1
4810,-0.871597,12038,10158,11420,10434,11112,10374,-111,1
4820,-0.871597,12112,10099,11444,10454,11073,10354,-111,1
4830,-0.871597,12001,10173,11443,10462,10979,10478,-111,1
4840,-0.871597,11996,10129,11448,10497,11005,10461,-111,1
4850,-0.871597,12082,10092,11455,10509,11026,10372,-111,1
4860,-0.871597,12148,10111,11435,10440,11041,10361,-111,1
4870,-0.871597,12133,10159,11414,10396,11112,10322,-111,1
4880,-0.871597,12163,10141,11321,10402,11156,10353,-111,1
4890,-0.871597,12051,10153,11403,10436,11187,10306,-111,1
4900,-0.871597,12078,10172,11370,10497,11147,10272,-111,1
4910,-0.871597,12059,10185,11372,10453,11199,10268,-111,1
4920,-0.871597,12045,10147,11466,10295,11234,10349,-111,1
4930,-0.871597,12097,10194,11379,10326,11292,10248,-111,1
4940,-0.871597,12092,10097,11452,10429,11171,10295,-111,1
4950,-0.871597,12105,10157,11389,10415,11281,10189,-111,1
4960,-0.871597,12158,10099,11456,10315,11300,10208,-111,1
4970,-0.871597,12057,10160,11468,10332,11218,10301,-111,1
4980,-0.871597,12025,10094,11499,10399,11158,10361,-111,1
4990,-0.871597,12087,10132,11410,10441,11224,10242,-111,1
5000,-0.871597,12144,10092,11412,10340,11308,10240,-111,1
5010,-0.871597,12087,10146,11404,10394,11217,10288,-111,1
5020,-0.871613,12005,10194,11399,10458,11151,10329,-111,2
5030,-0.871597,12067,10208,11343,10479,11148,10291,-111,1
5040,-0.871597,12115,10159,11366,10481,11206,10209,-111,1
5050,-0.871597,12112,10030,11504,10434,11203,10253,-111,1
5060,-0.871597,12111,10113,11441,10369,11257,10245,-111,1
5070,-0.871597,12074,10084,11476,10351,11234,10317,-111,1
5080,-0.871597,12034,10148,11496,10259,11286,10313,-111,1
5090,-0.871597,12111,10119,11415,10405,11241,10245,-111,1
5100,-0.871597,12145,9938,11574,10413,11220,10246,-111,1
5110,-0.871597,12065,10049,11532,10345,11224,10321,-111,1
5120,-0.871597,12072,10131,11534,10320,11211,10268,-111,1
5130,-0.871597,12066,10041,11588,10285,11198,10358,-111,1
5140,-0.871597,12083,9984,11651,10308,11133,10377,-111,1
5150,-0.871597,12071,10071,11574,10204,11180,10436,-111,1
5160,-0.871597,12085,10106,11516,10217,11157,10455,-111,1
5170,-0.871597,12146,10061,11474,10310,11153,10392,-111,1
5180,-0.871597,12129,10080,11521,10355,11066,10385,-111,1
5190,-0.871597,12228,10012,11534,10378,11101,10283,-111,1
5200,-0.871613,12134,9932,11544,10362,11093,10471,-111,2
5210,-0.871597,12116,9977,11600,10305,11142,10396,-111,1
5220,-0.871597,12077,10031,11597,10247,11297,10287,-111,1
5230,-0.871597,12143,10001,11589,10252,11315,10236,-111,1
5240,-0.871597,12283,9881,11662,10223,11347,10140,-111,1
5250,-0.871597,12126,10061,11526,10211,11378,10234,-111,1
5260,-0.871597,12140,10087,11534,10284,11261,10230,-111,1
5270,-0.871597,12199,10088,11480,10365,11222,10182,-111,1
5280,-0.871597,12132,10060,11488,10423,11227,10206,-111,1
5290,-0.871597,12213,10135,11326,10514,11219,10129,-111,1
5300,-0.871597,12229,10140,11359,10482,11188,10138,-111,1
5310,-0.871597,12214,10199,11305,10450,11214,10154,-111,1
5320,-0.871597,12220,10174,11418,10358,11286,10080,-111,1
5330,-0.871597,12201,10194,11325,10448,11314,10054,-111,1
5340,-0.871597,12188,10113,11346,10347,11346,10196,-111,1
5350,-0.871613,12207,10106,11413,10365,11270,10175,-111,2
5360,-0.871597,12168,10119,11410,10377,11274,10188,-111,1
5370,-0.871597,12174,10146,11379,10408,11244,10185,-111,1
5380,-0.871597,12286,10036,11397,10448,11226,10143,-111,1
5390,-0.871597,12311,10036,11428,10340,11256,10165,-111,1
5400,-0.871597,12215,10149,11340,10408,11213,10211,-111,1
5410,-0.871597,12202,10157,11411,10289,11373,10104,-111,1
5420,-0.871597,12149,10221,11297,10439,11316,10114,-111,1
5430,-0.871597,12239,10125,11326,10395,11286,10165,-111,1
5440,-0.871597,12217,10151,11305,10478,11209,10176,-111,1
5450,-0.871597,12141,10131,11315,10511,11150,10288,-111,1
5460,-0.871597,12009,10184,11350,10455,11272,10266,-111,1
5470,-0.871597,11908,10232,11351,10527,11188,10330,-111,1
5480,-0.871597,11925,10355,11263,10500,11125,10368,-111,1
5490,-0.871597,11899,10317,11292,10397,11283,10348,-111,1
5500,-0.871597,11970,10302,11244,10485,11260,10275,-111,1
5510,-0.871597,11992,10288,11242,10577,11101,10336,-111,1
5520,-0.871597,12024,10286,11247,10533,11109,10337,-111,1
5530,-0.871597,11990,10210,11242,10595,11146,10353,-111,1
5540,-0.871597,11975,10274,11260,10572,11154,10301,-111,1
5550,-0.871597,12049,10359,11016,10708,11063,10341,-111,1
5560,-0.871597,12036,10420,11028,10647,11137,10268,-111,1
5570,-0.871597,11935,10360,11124,10639,11160,10318,-111,1
5580,-0.871597,11971,10387,11108,10608,11156,10306,-111,1
5590,-0.871597,11854,10420,11038,10697,11126,10401,-111,1
5600,-0.871597,11847,10412,11106,10627,11064,10480,-111,1
5610,-0.871597,11908,10434,11152,10589,11076,10377,-111,1
5620,-0.871597,11892,10309,11272,10576,11082,10405,-111,1
5630,-0.871597,11935,10291,11246,10539,11068,10457,-111,1
5640,-0.871597,11864,10375,11297,10421,11089,10490,-111,1
5650,-0.871597,11885,10322,11294,10581,10991,10463,-111,1
5660,-0.871597,11895,10329,11305,10562,10941,10504,-111,1
5670,-0.871597,11921,10321,11274,10488,11067,10465,-111,1
5680,-0.871597,11973,10307,11241,10560,11063,10392,-111,1
5690,-0.871597,11941,10285,11206,10572,11139,10393,-111,1
5700,-0.871597,11952,10369,11238,10545,11086,10346,-111,1
5710,-0.871597,12017,10338,11158,10583,11083,10357,-111,1
5720,-0.871597,11858,10462,11115,10617,11061,10423,-111,1
5730,-0.871597,11876,10468,11096,10592,11109,10395,-111,1
5740,-0.871597,11879,10444,11113,10552,11167,10381,-111,1
5750,-0.871597,11876,10433,11130,10511,11248,10338,-111,1
5760,-0.871597,11904,10446,11115,10609,11218,10244,-111,1
5770,-0.871597,11905,10369,11113,10592,11124,10433,-111,1
5780,-0.871597,11893,10428,11110,10664,11107,10334,-111,1
5790,-0.871597,11978,10464,11074,10598,11161,10261,-111,1
5800,-0.871597,12005,10375,11171,10524,11148,10313,-111,1
5810,-0.871597,12002,10354,11233,10449,11233,10265,-111,1
5820,-0.871597,12001,10326,11147,10561,11233,10268,-111,1
5830,-0.871597,11973,10312,11250,10460,11260,10281,-111,1
5840,-0.871597,11957,10376,11253,10464,11197,10289,-111,1
5850,-0.871597,11922,10443,11092,10628,11201,10250,-111,1
5860,-0.871597,11986,10347,11077,10719,11099,10308,-111,1
5870,-0.871597,12103,10302,11067,10711,11056,10297,-111,1
5880,-0.871597,12092,10360,11038,10695,11111,10240,-111,1
5890,-0.871597,12022,10408,11029,10640,11190,10247,-111,1
5900,-0.871597,11904,10436,11059,10563,11182,10392,-111,1
5910,-0.871597,11936,10422,11051,10572,11228,10327,-111,1
5920,-0.871597,11990,10382,11130,10507,11214,10313,-111,1
5930,-0.871597,11928,10420,11082,10605,11153,10348,-111,1
5940,-0.871597,11905,10396,11087,10658,11105,10385,-111,1
5950,-0.871597,11963,10313,11184,10624,11118,10334,-111,1
5960,-0.871597,11924,10386,11078,10736,11044,10368,-111,1
5970,-0.871597,12044,10257,11197,10533,11184,10321,-111,1
5980,-0.871597,12003,10328,11148,10598,11183,10276,-111,1
5990,-0.871597,11992,10345,11145,10604,11156,10294,-111,1
6000,-0.871597,12142,10218,11154,10628,11200,10194,-111,1
6010,-0.871597,12086,10254,11178,10577,11194,10247,-111,1
6020,-0.871597,12088,10287,11106,10710,11124,10221,-111,1
6030,-0.871597,12066,10297,11204,10634,11036,10299,-111,1
6040,-0.871597,12093,10173,11164,10671,11077,10358,-111,1
6050,-0.871597,12073,10200,11157,10703,11050,10353,-111,1
6060,-0.871597,12089,10215,11190,10656,11142,10244,-111,1
6070,-0.871613,12037,10200,11247,10605,11094,10353,-111,2
6080,-0.871597,12045,10181,11237,10693,10996,10384,-111,1
6090,-0.871597,12088,10201,11206,10703,11026,10312,-111,1
6100,-0.871597,12014,10231,11217,10699,10995,10380,-111,1
6110,-0.871597,12056,10195,11318,10568,11073,10326,-111,1
6120,-0.871597,11920,10325,11263,10635,10967,10426,-111,1
6130,-0.871597,11914,10333,11150,10661,11025,10453,-111,1
6140,-0.871597,11935,10380,11160,10582,11133,10346,-111,1
6150,-0.871597,11997,10250,11216,10645,11004,10424,-111,1
6160,-0.871597,11938,10316,11187,10645,10993,10457,-111,1
6170,-0.871597,11936,10298,11217,10591,11052,10442,-111,1
6180,-0.871597,12003,10216,11261,10581,11036,10439,-111,1
6190,-0.871597,11969,10220,11311,10571,11027,10438,-111,1
6200,-0.871597,11950,10226,11328,10634,11101,10297,-111,1
6210,-0.871597,12032,10149,11370,10551,11089,10345,-111,1
6220,-0.871597,11934,10235,11320,10609,11106,10332,-111,1
6230,-0.871597,11881,10224,11366,10536,11153,10376,-111,1
6240,-0.871597,11918,10243,11365,10475,11188,10347,-111,1
6250,-0.871597,11927,10261,11370,10441,11225,10312,-111,1
6260,-0.871597,11969,10207,11339,10581,11187,10253,-111,1
6270,-0.871597,12030,10121,11400,10495,11236,10254,-111,1
6280,-0.871597,11961,10192,11457,10418,11222,10286,-111,1
6290,-0.871597,12002,10112,11437,10465,11199,10321,-111,1
6300,-0.871597,11926,10247,11317,10498,11144,10404,-111,1
6310,-0.871597,11865,10195,11349,10508,11154,10465,-111,1
6320,-0.871597,11894,10141,11361,10633,11109,10398,-111,1
6330,-0.871597,11880,10188,11389,10628,10982,10469,-111,1
6340,-0.871597,11801,10289,11303,10557,11095,10491,-111,1
6350,-0.871597,11834,10328,11363,10590,11077,10344,-111,1
6360,-0.871597,11888,10168,11461,10565,10999,10455,-111,1
6370,-0.871597,11902,10250,11370,10593,11073,10348,-111,1
6380,-0.871597,11926,10207,11456,10543,11040,10364,-111,1
6390,-0.871597,11986,10220,11406,10436,11155,10333,-111,1
6400,-0.871597,11962,10145,11425,10535,11076,10393,-111,1
6410,-0.871597,12059,10038,11534,10551,10908,10446,-111,1
6420,-0.871597,11963,10133,11536,10552,10882,10470,-111,1
6430,-0.871597,11932,10112,11547,10506,11007,10432,-111,1
6440,-0.871597,11956,10085,11643,10381,11018,10453,-111,1
6450,-0.871597,11933,10124,11644,10437,11032,10366,-111,1
6460,-0.871597,11921,10137,11545,10472,10985,10476,-111,1
6470,-0.871597,11900,10191,11524,10488,11035,10398,-111,1
6480,-0.871597,11860,10298,11350,10596,10984,10448,-111,1
6490,-0.871597,11921,10087,11503,10537,11015,10473,-111,1
6500,-0.871597,11847,10242,11449,10400,11075,10523,-111,1
6510,-0.871597,11839,10223,11403,10411,11150,10510,-111,1
6520,-0.871597,11839,10273,11325,10568,11068,10463,-111,1
6530,-0.871597,11917,10155,11448,10495,11072,10449,-111,1
6540,-0.871597,11882,10303,11441,10479,11083,10348,-111,1
6550,-0.871597,11920,10218,11397,10543,11111,10347,-111,1
6560,-0.871597,11827,10345,11380,10487,11164,10333,-111,1
6570,-0.871597,11880,10330,11255,10543,11269,10259,-111,1
6580,-0.871597,11974,10299,11327,10498,11233,10205,-111,1
6590,-0.871597,11903,10330,11323,10520,11196,10264,-111,1
6600,-0.871597,11950,10249,11367,10419,11281,10270,-111,1
6610,-0.871597,11879,10293,11354,10405,11254,10351,-111,1
6620,-0.871597,11841,10295,11321,10524,11265,10290,-111,1
6630,-0.871597,11832,10359,11365,10373,11331,10276,-111,1
6640,-0.871597,11784,10341,11416,10395,11223,10377,-111,1
6650,-0.871597,11892,10330,11379,10444,11217,10274,-111,1
6660,-0.871597,11942,10258,11417,10382,11226,10311,-111,1
6670,-0.871597,11985,10167,11502,10292,11262,10328,-111,1
6680,-0.871597,11978,10192,11385,10348,11245,10388,-111,1
6690,-0.871597,12014,10272,11356,10362,11167,10365,-111,1
6700,-0.871597,11968,10206,11421,10429,11105,10407,-111,1
6710,-0.871597,12035,10156,11446,10425,11162,10312,-111,1
6720,-0.871597,11943,10294,11368,10387,11192,10352,-111,1
6730,-0.871597,11893,10195,11453,10364,11244,10387,-111,1
6740,-0.871597,11946,10188,11388,10489,11164,10361,-111,1
6750,-0.871597,11934,10213,11424,10435,11144,10386,-111,1
6760,-0.871597,11918,10209,11348,10472,11094,10495,-111,1
6770,-0.871597,11865,10327,11349,10418,11145,10432,-111,1
6780,-0.871597,11859,10347,11288,10429,11246,10367,-111,1
6790,-0.871597,11803,10329,11411,10423,11141,10429,-111,1
6800,-0.871597,11918,10339,11342,10399,11213,10325,-111,1
6810,-0.871597,11975,10290,11405,10365,11158,10343,-111,1
6820,-0.871597,11866,10388,11363,10376,11218,10325,-111,1
6830,-0.871597,11857,10395,11372,10330,11238,10344,-111,1
6840,-0.871597,11870,10337,11295,10421,11286,10327,-111,1
6850,-0.871597,11777,10433,11228,10564,11196,10338,-111,1
6860,-0.871597,11805,10518,11199,10490,11247,10277,-111,1
6870,-0.871597,11895,10303,11328,10507,11136,10367,-111,1
6880,-0.871597,11858,10342,11370,10365,11267,10334,-111,1
6890,-0.871597,11907,10278,11338,10380,11266,10367,-111,1
6900,-0.871597,11928,10263,11336,10393,11208,10408,-111,1
6910,-0.871597,11964,10174,11314,10503,11238,10343,-111,1
6920,-0.871597,11920,10234,11371,10458,11138,10415,-111,1
6930,-0.871597,11976,10219,11321,10583,11007,10430,-111,1
6940,-0.871597,12046,10222,11321,10511,11190,10246,-111,1
6950,-0.871597,11901,10280,11340,10494,11149,10372,-111,1
6960,-0.871597,11929,10273,11316,10498,11219,10301,-111,1
6970,-0.871597,11946,10265,11310,10438,11219,10358,-111,1
6980,-0.871597,11903,10307,11409,10326,11236,10355,-111,1
6990,-0.871597,11891,10217,11499,10345,11266,10318,-111,1
7000,-0.871597,11882,10281,11444,10386,11134,10409,-111,1
7010,-0.871597,11947,10233,11424,10380,11145,10407,-111,1
7020,-0.871597,11896,10289,11318,10445,11121,10467,-111,1
7030,-0.871597,11908,10236,11324,10455,11159,10454,-111,1
7040,-0.871597,11968,10201,11358,10417,11246,10346,-111,1
7050,-0.871597,11932,10224,11306,10438,11261,10375,-111,1
7060,-0.871597,11928,10278,11292,10392,11286,10360,-111,1
7070,-0.871597,11836,10291,11402,10394,11260,10353,-111,1
7080,-0.871597,11868,10179,11439,10468,11132,10450,-111,1
7090,-0.871597,11862,10270,11501,10307,11194,10402,-111,1
7100,-0.871597,11998,10168,11505,10365,11190,10310,-111,1
7110,-0.871597,11966,10243,11331,10385,11224,10387,-111,1
7120,-0.871597,12020,10180,11331,10476,11205,10324,-111,1
7130,-0.871597,11939,10305,11251,10465,11186,10390,-111,1
7140,-0.871597,11969,10283,11285,10452,11222,10325,-111,1
7150,-0.871597,11966,10285,11325,10482,11235,10243,-111,1
7160,-0.871597,12027,10196,11344,10518,11187,10264,-111,1
7170,-0.871597,11985,10316,11215,10525,11249,10246,-111,1
7180,-0.871597,11891,10346,11297,10502,11265,10235,-111,1
7190,-0.871597,11947,10307,11190,10565,11232,10295,-111,1
7200,-0.871597,11958,10284,11247,10544,11198,10305,-111,1
7210,-0.871597,11889,10288,11320,10524,11170,10345,-111,1
7220,-0.871597,11900,10290,11279,10526,11226,10315,-111,1
7230,-0.871597,11883,10263,11371,10492,11251,10276,-111,1
7240,-0.871597,11941,10264,11374,10527,11267,10163,-111,1
7250,-0.871597,11952,10265,11383,10446,11326,10164,-111,1
7260,-0.871613,11912,10231,11410,10441,11319,10223,-111,2
7270,-0.871597,11925,10209,11349,10479,11284,10290,-111,1
7280,-0.871597,11914,10257,11399,10316,11392,10258,-111,1
7290,-0.871597,11906,10314,11340,10370,11340,10266,-111,1
7300,-0.871597,11877,10293,11351,10449,11202,10364,-111,1
7310,-0.871597,11871,10226,11358,10433,11219,10429,-111,1
7320,-0.871597,11763,10365,11349,10370,11180,10509,-111,1
7330,-0.871597,11801,10264,11448,10361,11208,10454,-111,1
7340,-0.871597,11901,10243,11435,10378,11227,10352,-111,1
7350,-0.871597,11852,10340,11348,10381,11280,10335,-111,1
7360,-0.871597,11944,10280,11382,10383,11240,10307,-111,1
7370,-0.871597,11866,10372,11276,10380,11363,10279,-111,1
7380,-0.871597,11876,10353,11326,10379,11321,10281,-111,1
7390,-0.871597,11923,10320,11347,10367,11193,10386,-111,1
7400,-0.871597,11886,10340,11281,10330,11328,10371,-111,1
7410,-0.871597,11846,10351,11340,10322,11289,10388,-111,1
7420,-0.871597,11923,10272,11349,10395,11241,10356,-111,1
7430,-0.871597,11949,10197,11327,10408,11275,10380,-111,1
7440,-0.871597,11952,10270,11341,10363,11283,10327,-111,1
7450,-0.871597,11980,10258,11384,10279,11357,10278,-111,1
7460,-0.871597,11945,10208,11464,10346,11239,10334,-111,1
7470,-0.871597,11915,10222,11451,10286,11392,10270,-111,1
7480,-0.871613,11807,10236,11483,10292,11279,10439,-111,2
7490,-0.871597,11858,10286,11425,10382,11133,10452,-111,1
7500,-0.871597,11874,10234,11398,10437,11173,10420,-111,1
7510,-0.871597,11953,10283,11403,10384,11198,10315,-111,1
7520,-0.871597,11928,10299,11304,10517,11266,10222,-111,1
7530,-0.871597,11940,10296,11292,10379,11383,10246,-111,1
7540,-0.871597,11856,10402,11248,10447,11246,10337,-111,1
7550,-0.871597,11807,10431,11237,10446,11293,10322,-111,1
7560,-0.871597,11837,10399,11274,10406,11281,10339,-111,1
7570,-0.871597,11817,10375,11361,10335,11298,10350,-111,1
7580,-0.871597,11872,10363,11302,10451,11243,10305,-111,1
7590,-0.871597,11783,10447,11283,10470,11199,10354,-111,1
7600,-0.871597,11951,10384,11273,10412,11245,10271,-111,1
7610,-0.871597,11878,10457,11304,10372,11308,10217,-111,1
7620,-0.871597,11816,10402,11281,10466,11206,10365,-111,1
7630,-0.871597,11782,10338,11398,10330,11319,10369,-111,1
7640,-0.871597,11881,10310,11300,10469,11263,10313,-111,1
7650,-0.871597,11824,10292,11372,10471,11208,10369,-111,1
7660,-0.871597,11809,10323,11348,10443,11133,10480,-111,1
7670,-0.871597,11870,10285,11445,10358,11228,10350,-111,1
7680,-0.871597,11832,10304,11441,10377,11323,10259,-111,1
7690,-0.871597,11978,10296,11245,10523,11222,10272,-111,1
7700,-0.871597,11866,10323,11334,10409,11268,10336,-111,1
7710,-0.871597,11897,10384,11228,10482,11239,10306,-111,1
7720,-0.871597,11869,10351,11276,10468,11323,10249,-111,1
7730,-0.871597,11848,10435,11233,10485,11246,10289,-111,1
7740,-0.871597,11911,10375,11222,10526,11297,10205,-111,1
7750,-0.871597,11867,10439,11181,10416,11416,10217,-111,1
7760,-0.871597,11850,10452,11181,10458,11381,10214,-111,1
7770,-0.871597,11794,10437,11228,10476,11360,10241,-111,1
7780,-0.871597,11896,10409,11200,10408,11395,10228,-111,1
7790,-0.871597,11989,10375,11227,10494,11247,10204,-111,1
7800,-0.871597,11888,10414,11148,10542,11251,10293,-111,1
7810,-0.871597,11968,10334,11236,10458,11310,10230,-111,1
7820,-0.871597,11954,10378,11147,10574,11273,10210,-111,1
7830,-0.871597,11951,10356,11222,10536,11304,10167,-111,1
7840,-0.871597,11917,10294,11354,10455,11294,10222,-111,1
7850,-0.871597,11956,10265,11384,10364,11354,10213,-111,1
7860,-0.871597,11842,10306,11384,10463,11352,10189,-111,1
7870,-0.871597,11866,10389,11298,10425,11453,10105,-111,1
7880,-0.871597,11833,10485,11272,10399,11442,10105,-111,1
7890,-0.871597,11795,10449,11240,10444,11452,10156,-111,1
7900,-0.871597,11783,10394,11359,10429,11336,10235,-111,1
7910,-0.871597,11802,10406,11309,10449,11261,10309,-111,1
7920,-0.871597,11806,10405,11303,10477,11254,10291,-111,1
7930,-0.871597,11788,10410,11256,10404,11373,10305,-111,1
7940,-0.871597,11727,10552,11177,10402,11364,10314,-111,1
7950,-0.871597,11848,10419,11225,10405,11376,10263,-111,1
7960,-0.871597,11828,10402,11261,10392,11389,10264,-111,1
7970,-0.871597,11776,10445,11199,10527,11344,10245,-111,1
7980,-0.871597,11754,10374,11312,10438,11336,10322,-111,1
7990,-0.871597,11830,10289,11348,10392,11351,10326,-111,1
8000,-0.871597,11853,10297,11327,10439,11267,10353,-111,1
8010,-0.871597,11914,10229,11495,10351,11270,10277,-111,1
8020,-0.871597,11875,10330,11327,10433,11304,10267,-111,1
8030,-0.871597,11995,10207,11352,10399,11366,10217,-111,1
8040,-0.871597,12007,10251,11320,10427,11288,10243,-111,1
8050,-0.871597,11947,10254,11298,10482,11314,10241,-111,1
8060,-0.871597,11918,10342,11301,10454,11162,10359,-111,1
8070,-0.871597,11941,10204,11327,10455,11217,10392,-111,1
8080,-0.871597,11951,10274,11214,10508,11234,10355,-111,1
8090,-0.871597,11970,10249,11353,10344,11245,10375,-111,1
8100,-0.871597,11820,10365,11347,10402,11254,10348,-111,1
8110,-0.871613,11868,10404,11348,10309,11276,10331,-111,2
8120,-0.871597,11817,10470,11231,10404,11291,10323,-111,1
8130,-0.871597,11789,10468,11281,10399,11298,10301,-111,1
8140,-0.871597,11931,10358,11321,10466,11178,10282,-111,1
8150,-0.871597,11971,10270,11382,10498,11107,10308,-111,1
8160,-0.871597,11913,10362,11281,10507,11149,10324,-111,1
8170,-0.871597,11892,10315,11263,10601,11134,10331,-111,1
8180,-0.871597,11846,10298,11374,10500,11093,10425,-111,1
8190,-0.871597,11829,10329,11341,10421,11229,10387,-111,1
8200,-0.871597,11776,10332,11329,10517,11139,10443,-111,1
8210,-0.871597,11804,10296,11311,10550,11199,10376,-111,1
8220,-0.871597,11836,10310,11357,10539,11117,10377,-111,1
8230,-0.871597,11752,10414,11260,10446,11281,10383,-111,1
8240,-0.871597,11766,10299,11410,10455,11237,10369,-111,1
8250,-0.871597,11855,10320,11364,10416,11250,10331,-111,1
8260,-0.871597,11725,10316,11426,10458,11182,10429,-111,1
8270,-0.871597,11810,10295,11360,10478,11220,10373,-111,1
8280,-0.871597,11767,10305,11391,10466,11223,10384,-111,1
8290,-0.871597,11871,10181,11357,10531,11169,10427,-111,1
8300,-0.871597,11809,10184,11500,10406,11218,10419,-111,1
8310,-0.871597,11793,10282,11414,10306,11226,10515,-111,1
8320,-0.871597,11856,10331,11343,10378,11169,10459,-111,1
8330,-0.871597,11754,10453,11391,10231,11285,10422,-111,1
8340,-0.871597,11905,10360,11341,10364,11198,10368,-111,1
8350,-0.871597,11913,10340,11308,10326,11233,10416,-111,1
8360,-0.871597,11835,10436,11182,10466,11257,10360,-111,1
8370,-0.871597,11853,10395,11299,10425,11188,10376,-111,1
8380,-0.871597,11810,10411,11345,10304,11181,10485,-111,1
8390,-0.871597,11912,10379,11292,10318,11309,10326,-111,1
8400,-0.871613,11813,10312,11346,10313,11260,10492,-111,2
8410,-0.871597,11619,10445,11393,10370,11178,10531,-111,1
8420,-0.871597,11722,10464,11296,10441,11173,10440,-111,1
8430,-0.871597,11795,10372,11363,10358,11212,10436,-111,1
8440,-0.871613,11737,10365,11480,10334,11132,10488,-111,2
8450,-0.871597,11826,10249,11411,10381,11149,10520,-111,1
8460,-0.871597,11820,10286,11422,10381,11213,10414,-111,1
8470,-0.871597,11780,10335,11348,10325,11240,10508,-111,1
8480,-0.871597,11735,10370,11369,10337,11182,10543,-111,1
8490,-0.871597,11758,10311,11364,10404,11108,10591,-111,1
8500,-0.871597,11761,10372,11346,10437,11084,10536,-111,1
8510,-0.871597,11769,10369,11299,10438,11218,10443,-111,1
8520,-0.871597,11781,10341,11303,10404,11214,10493,-111,1
8530,-0.871597,11789,10394,11297,10431,11203,10422,-111,1
8540,-0.871597,11764,10367,11301,10398,11239,10467,-111,1
8550,-0.871597,11759,10371,11289,10463,11141,10513,-111,1
8560,-0.871597,11769,10443,11342,10403,11118,10461,-111,1
8570,-0.871597,11772,10389,11305,10485,11127,10458,-111,1
8580,-0.871597,11799,10359,11317,10463,11154,10444,-111,1
8590,-0.871597,11787,10283,11337,10547,11056,10526,-111,1
8600,-0.871597,11838,10385,11280,10624,10981,10428,-111,1
8610,-0.871597,11877,10323,11242,10566,11118,10410,-111,1
8620,-0.871597,11908,10263,11368,10485,11108,10404,-111,1
8630,-0.871597,11918,10323,11289,10579,11008,10419,-111,1
8640,-0.871597,11830,10387,11226,10545,11085,10463,-111,1
8650,-0.871597,11864,10384,11158,10613,11086,10431,-111,1
8660,-0.871597,11857,10326,11226,10609,11097,10421,-111,1
8670,-0.871597,11809,10351,11249,10683,11104,10340,-111,1
8680,-0.871597,11813,10409,11156,10617,11123,10418,-111,1
8690,-0.871597,11901,10312,11233,10566,11151,10373,-111,1
8700,-0.871597,11721,10438,11218,10611,11071,10477,-111,1
8710,-0.871597,11777,10404,11277,10488,11142,10448,-111,1
8720,-0.871597,11763,10396,11255,10430,11228,10464,-111,1
8730,-0.871597,11773,10478,11183,10573,11097,10432,-111,1
8740,-0.871597,11871,10401,11246,10484,11147,10387,-111,1
8750,-0.871597,11799,10464,11248,10455,11159,10411,-111,1
8760,-0.871597,11778,10342,11271,10550,11141,10454,-111,1
8770,-0.871597,11823,10336,11289,10422,11205,10461,-111,1
8780,-0.871597,11767,10414,11261,10424,11222,10448,-111,1
8790,-0.871597,11797,10454,11207,10479,11215,10384,-111,1
8800,-0.871597,11761,10400,11245,10528,11124,10478,-111,1
8810,-0.871597,11750,10403,11172,10589,11139,10483,-111,1
8820,-0.871597,11676,10494,11113,10587,11122,10544,-111,1
8830,-0.871597,11734,10457,11179,10529,11157,10480,-111,1
8840,-0.871597,11685,10433,11259,10438,11231,10490,-111,1
8850,-0.871597,11759,10529,11287,10307,11299,10355,-111,1
8860,-0.871597,11731,10435,11361,10305,11388,10316,-111,1
8870,-0.871597,11750,10410,11374,10363,11285,10354,-111,1
8880,-0.871597,11714,10440,11347,10363,11306,10366,-111,1
8890,-0.871597,11774,10447,11306,10352,11315,10342,-111,1
8900,-0.871597,11702,10446,11326,10366,11339,10357,-111,1
8910,-0.871597,11835,10322,11376,10349,11303,10351,-111,1
8920,-0.871597,11814,10348,11375,10340,11296,10363,-111,1
8930,-0.871597,11735,10503,11188,10452,11269,10389,-111,1
8940,-0.871597,11781,10490,11149,10434,11348,10334,-111,1
8950,-0.871597,11715,10536,11184,10437,11293,10371,-111,1
8960,-0.871597,11746,10590,11115,10464,11209,10412,-111,1
8970,-0.871597,11758,10401,11188,10519,11176,10494,-111,1
8980,-0.871597,11641,10541,11170,10480,11123,10581,-111,1
8990,-0.871597,11653,10512,11185,10412,11193,10581,-111,1
9000,-0.871597,11655,10523,11176,10418,11277,10487,-111,1
9010,-0.871597,11599,10490,11250,10498,11123,10576,-111,1
9020,-0.871597,11706,10525,11228,10422,11186,10469,-111,1
9030,-0.871597,11719,10510,11245,10454,11136,10472,-111,1
9040,-0.871597,11667,10480,11240,10530,11134,10485,-111,1
9050,-0.871597,11737,10405,11220,10527,11110,10537,-111,1
9060,-0.871613,11752,10417,11255,10527,11077,10508,-111,2
9070,-0.871597,11790,10381,11259,10568,11016,10522,-111,1
9080,-0.871597,11696,10486,11176,10620,11144,10414,-111,1
9090,-0.871597,11749,10498,11186,10519,11112,10472,-111,1
9100,-0.871597,11771,10445,11254,10506,11127,10433,-111,1
9110,-0.871597,11549,10572,11206,10572,11160,10477,-111,1
9120,-0.871597,11649,10638,11138,10553,11153,10405,-111,1
9130,-0.871597,11598,10588,11184,10500,11244,10422,-111,1
9140,-0.871613,11535,10549,11284,10425,11185,10558,-111,2
9150,-0.871597,11610,10497,11283,10458,11175,10513,-111,1
9160,-0.871597,11620,10589,11181,10431,11202,10513,-111,1
9170,-0.871597,11588,10522,11259,10400,11246,10521,-111,1
9180,-0.871597,11634,10550,11303,10389,11162,10498,-111,1
9190,-0.871597,11560,10546,11229,10483,11171,10547,-111,1
9200,-0.871597,11572,10472,11249,10485,11221,10537,-111,1
9210,-0.871597,11613,10576,11188,10527,11169,10463,-111,1
9220,-0.871597,11644,10461,11292,10385,11284,10470,-111,1
9230,-0.871597,11692,10440,11277,10415,11182,10530,-111,1
9240,-0.871597,11742,10434,11187,10533,11268,10372,-111,1
9250,-0.871597,11750,10485,11152,10563,11319,10267,-111,1
9260,-0.871597,11690,10420,11276,10522,11236,10392,-111,1
9270,-0.871613,11611,10453,11298,10526,11212,10436,-111,2
9280,-0.871597,11599,10590,11243,10529,11208,10367,-111,1
9290,-0.871597,11650,10513,11220,10521,11215,10417,-111,1
9300,-0.871597,11659,10545,11229,10414,11216,10473,-111,1
9310,-0.871597,11669,10461,11226,10464,11182,10534,-111,1
9320,-0.871597,11684,10485,11249,10476,11150,10492,-111,1
9330,-0.871597,11601,10535,11266,10454,11224,10456,-111,1
9340,-0.871597,11625,10607,11188,10499,11153,10464,-111,1
9350,-0.871597,11631,10534,11253,10417,11202,10499,-111,1
9360,-0.871597,11551,10572,11291,10388,11226,10508,-111,1
9370,-0.871597,11587,10688,11164,10379,11279,10439,-111,1
9380,-0.871597,11609,10599,11225,10398,11274,10431,-111,1
9390,-0.871597,11587,10581,11255,10394,11265,10454,-111,1
9400,-0.871597,11623,10490,11277,10400,11321,10425,-111,1
9410,-0.871597,11708,10499,11264,10450,11293,10322,-111,1
9420,-0.871597,11654,10429,11327,10510,11200,10416,-111,1
9430,-0.871597,11662,10531,11222,10539,11107,10475,-111,1
9440,-0.871597,11631,10520,11209,10523,11160,10493,-111,1
9450,-0.871597,11666,10444,11270,10553,11113,10490,-111,1
9460,-0.871597,11674,10591,11167,10509,11190,10405,-111,1
9470,-0.871597,11697,10559,11175,10544,11208,10353,-111,1
9480,-0.871597,11720,10539,11142,10537,11251,10347,-111,1
9490,-0.871597,11610,10596,11229,10502,11177,10422,-111,1
9500,-0.871597,11680,10545,11159,10535,11107,10510,-111,1
9510,-0.871597,11737,10484,11140,10589,11060,10526,-111,1
9520,-0.871597,11710,10410,11305,10473,11169,10469,-111,1
9530,-0.871597,11748,10354,11261,10597,11062,10514,-111,1
9540,-0.871597,11718,10314,11327,10513,11086,10578,-111,1
9550,-0.871597,11815,10230,11456,10478,11065,10492,-111,1
9560,-0.871597,11877,10232,11385,10480,11075,10487,-111,1
9570,-0.871597,11889,10253,11313,10478,11142,10461,-111,1
9580,-0.871597,11869,10311,11324,10447,11168,10417,-111,1
9590,-0.871597,11885,10248,11348,10517,11141,10397,-111,1
9600,-0.871597,11697,10373,11334,10502,11129,10501,-111,1
9610,-0.871597,11805,10310,11439,10494,11095,10393,-111,1
9620,-0.871597,11889,10100,11534,10413,11213,10387,-111,1
9630,-0.871597,11838,10204,11444,10387,11246,10417,-111,1
9640,-0.871597,11849,10305,11331,10493,11159,10399,-111,1
9650,-0.871597,11844,10366,11265,10509,11132,10420,-111,1
9660,-0.871597,11964,10310,11249,10469,11277,10267,-111,1
9670,-0.871597,11803,10418,11296,10438,11241,10340,-111,1
9680,-0.871597,11910,10330,11304,10502,11187,10303,-111,1
9690,-0.871597,11818,10346,11316,10519,11209,10328,-111,1
9700,-0.871597,11866,10324,11258,10452,11327,10309,-111,1
9710,-0.871597,11944,10395,11178,10523,11221,10275,-111,1
9720,-0.871597,11786,10366,11297,10492,11243,10352,-111,1
9730,-0.871597,11835,10375,11313,10396,11272,10345,-111,1
9740,-0.871597,11928,10295,11411,10414,11271,10217,-111,1
9750,-0.871597,11911,10301,11309,10461,11235,10319,-111,1
9760,-0.871597,11819,10311,11336,10498,11253,10319,-111,1
9770,-0.871597,11804,10366,11313,10547,11163,10343,-111,1
9780,-0.871597,11918,10339,11243,10430,11337,10269,-111,1
9790,-0.871597,11903,10387,11231,10421,11408,10186,-111,1
9800,-0.871597,11750,10424,11300,10377,11375,10310,-111,1
9810,-0.871597,11897,10335,11413,10353,11269,10269,-111,1
9820,-0.871597,11809,10378,11336,10421,11323,10269,-111,1
9830,-0.871597,11875,10224,11431,10455,11249,10302,-111,1
9840,-0.871597,11991,10174,11435,10381,11315,10240,-111,1
9850,-0.871597,12015,10181,11406,10451,11320,10163,-111,1
9860,-0.871597,11974,10229,11375,10447,11306,10205,-111,1
9870,-0.871597,12004,10306,11308,10456,11289,10173,-111,1
9880,-0.871597,11963,10339,11202,10498,11287,10247,-111,1
9890,-0.871597,11938,10315,11411,10370,11228,10274,-111,1
9900,-0.871597,11934,10299,11358,10389,11232,10324,-111,1
9910,-0.871597,11951,10294,11274,10490,11201,10326,-111,1
9920,-0.871597,11770,10429,11270,10493,11132,10442,-111,1
9930,-0.871597,11847,10377,11311,10397,11227,10377,-111,1
9940,-0.871597,11845,10308,11399,10391,11231,10362,-111,1
9950,-0.871597,11833,10346,11314,10513,11128,10402,-111,1
9960,-0.871597,11852,10419,11277,10505,11157,10326,-111,1
9970,-0.871597,11900,10270,11367,10455,11235,10309,-111,1
9980,-0.871597,11844,10314,11359,10436,11164,10419,-111,1
9990,-0.871597,11810,10419,11271,10439,11261,10336,-111,1
10000,-0.871597,11816,10458,11257,10469,11263,10273,-111,1
10010,-0.871613,11809,10421,11187,10573,11225,10321,-111,2
10020,-0.871597,11853,10460,11196,10512,11147,10368,-111,1
10030,-0.871597,11737,10499,11197,10449,11161,10493,-111,1
10040,-0.871597,11774,10467,11274,10373,11282,10366,-111,1
10050,-0.871597,11619,10545,11286,10387,11291,10408,-111,1
10060,-0.871597,11711,10519,11193,10408,11243,10462,-111,1
10070,-0.871613,11708,10539,11219,10318,11299,10453,-111,2
10080,-0.871597,11699,10561,11204,10355,11312,10405,-111,1
10090,-0.871597,11746,10466,11151,10448,11383,10342,-111,1
10100,-0.871597,11742,10525,11181,10358,11394,10336,-111,1
10110,-0.871597,11738,10537,11171,10403,11342,10345,-111,1
10120,-0.871597,11685,10542,11148,10466,11334,10361,-111,1
10130,-0.871597,11741,10444,11217,10425,11339,10370,-111,1
10140,-0.871597,11658,10520,11240,10498,11357,10263,-111,1
10150,-0.871597,11726,10522,11183,10536,11248,10321,-111,1
10160,-0.871597,11753,10488,11218,10490,11332,10255,-111,1
10170,-0.871597,11790,10472,11224,10438,11284,10328,-111,1
10180,-0.871597,11792,10487,11237,10385,11361,10274,-111,1
10190,-0.871597,11796,10495,11287,10446,11176,10336,-111,1
10200,-0.871597,11738,10478,11276,10472,11262,10310,-111,1
10210,-0.871597,11852,10359,11269,10431,11304,10321,-111,1
10220,-0.871597,11928,10371,11298,10422,11292,10225,-111,1
10230,-0.871597,11897,10397,11262,10485,11221,10274,-111,1
10240,-0.871597,11809,10502,11175,10548,11189,10313,-111,1
10250,-0.871597,11869,10474,11172,10566,11201,10254,-111,1
10260,-0.871597,11923,10447,11095,10584,11239,10248,-111,1
10270,-0.871597,11877,10433,11051,10646,11211,10318,-111,1
10280,-0.871597,11917,10322,11291,10496,11195,10315,-111,1
10290,-0.871597,11917,10389,11255,10501,11174,10300,-111,1
10300,-0.871597,11875,10414,11258,10424,11198,10367,-111,1
10310,-0.871597,11798,10429,11192,10534,11145,10438,-111,1
10320,-0.871597,11772,10503,11172,10508,11188,10393,-111,1
10330,-0.871597,11706,10496,11184,10486,11143,10521,-111,1
10340,-0.871597,11851,10439,11104,10517,11162,10463,-111,1
10350,-0.871597,11849,10436,11129,10546,11139,10437,-111,1
10360,-0.871597,11862,10434,11216,10430,11202,10392,-111,1
10370,-0.871597,11802,10498,11221,10448,11154,10413,-111,1
10380,-0.871597,11882,10472,11185,10534,11140,10323,-111,1
10390,-0.871597,11798,10490,11064,10581,11150,10453,-111,1
10400,-0.871597,11781,10504,11073,10629,11099,10450,-111,1
10410,-0.871597,11726,10608,11098,10546,11207,10351,-111,1
10420,-0.871597,11860,10538,11061,10535,11196,10346,-111,1
10430,-0.871597,11829,10491,11074,10610,11166,10366,-111,1
10440,-0.871597,11753,10592,11122,10416,11233,10420,-111,1
10450,-0.871597,11797,10488,11135,10418,11349,10349,-111,1
10460,-0.871597,11861,10498,11170,10480,11229,10298,-111,1
10470,-0.871597,11801,10490,11229,10386,11280,10350,-111,1
10480,-0.871597,11879,10449,11217,10530,11113,10348,-111,1
10490,-0.871597,11839,10426,11215,10554,11160,10342,-111,1
10500,-0.871597,11791,10425,11251,10507,11126,10436,-111,1
10510,-0.871597,11797,10477,11107,10598,11200,10357,-111,1
10520,-0.871597,11768,10410,11144,10705,11099,10410,-111,1
10530,-0.871597,11798,10445,11205,10482,11270,10336,-111,1
10540,-0.871597,11708,10475,11233,10452,11227,10441,-111,1
10550,-0.871597,11750,10436,11220,10477,11249,10404,-111,1
10560,-0.871597,11779,10467,11127,10569,11248,10346,-111,1
10570,-0.871597,11785,10522,11218,10525,11217,10269,-111,1
10580,-0.871597,11833,10462,11225,10470,11245,10301,-111,1
10590,-0.871597,11775,10422,11327,10368,11250,10394,-111,1
10600,-0.871597,11742,10529,11197,10460,11219,10389,-111,1
10610,-0.871597,11746,10604,11127,10528,11197,10334,-111,1
10620,-0.871597,11820,10503,11176,10498,11226,10313,-111,1
10630,-0.871597,11704,10541,11193,10449,11245,10404,-111,1
10640,-0.871597,11727,10495,11151,10466,11298,10399,-111,1
10650,-0.871597,11694,10527,11250,10449,11209,10407,-111,1
10660,-0.871597,11738,10426,11232,10513,11178,10449,-111,1
10670,-0.871597,11743,10537,11195,10452,11224,10385,-111,1
10680,-0.871597,11698,10519,11204,10451,11273,10391,-111,1
10690,-0.871597,11747,10597,11135,10532,11223,10302,-111,1
10700,-0.871597,11728,10506,11163,10467,11265,10407,-111,1
10710,-0.871597,11752,10447,11245,10514,11182,10396,-111,1
10720,-0.871597,11810,10368,11312,10368,11338,10340,-111,1
10730,-0.871597,11822,10397,11315,10434,11307,10261,-111,1
10740,-0.871597,11778,10575,11180,10478,11224,10301,-111,1
10750,-0.871597,11678,10559,11223,10521,11200,10355,-111,1
10760,-0.871597,11732,10426,11297,10425,11303,10353,-111,1
10770,-0.871597,11750,10447,11229,10515,11259,10336,-111,1
10780,-0.871597,11782,10411,11233,10476,11272,10362,-111,1
10790,-0.871597,11786,10507,11180,10354,11394,10315,-111,1
10800,-0.871597,11653,10556,11185,10465,11277,10400,-111,1
10810,-0.871597,11699,10468,11158,10567,11202,10442,-111,1
10820,-0.871597,11726,10446,11213,10493,11244,10414,-111,1
10830,-0.871613,11627,10554,11201,10501,11169,10484,-111,2
10840,-0.871597,11682,10492,11196,10506,11141,10519,-111,1
10850,-0.871597,11593,10592,11231,10413,11257,10450,-111,1
10860,-0.871597,11673,10601,11206,10479,11203,10374,-111,1
10870,-0.871597,11758,10505,11222,10526,11217,10308,-111,1
10880,-0.871597,11750,10502,11202,10565,11154,10363,-111,1
10890,-0.871613,11620,10587,11195,10502,11183,10449,-111,2
10900,-0.871597,11816,10471,11182,10477,11181,10409,-111,1
10910,-0.871613,11670,10575,11142,10546,11157,10446,-111,2
10920,-0.871597,11654,10620,11073,10602,11113,10474,-111,1
10930,-0.871597,11680,10587,11085,10635,11144,10405,-111,1
10940,-0.871597,11775,10504,11101,10702,11076,10378,-111,1
10950,-0.871597,11783,10483,11091,10604,11151,10424,-111,1
10960,-0.871597,11720,10571,11084,10612,11087,10462,-111,1
10970,-0.871597,11707,10517,11138,10630,11083,10461,-111,1
10980,-0.871597,11789,10528,11125,10543,11187,10364,-111,1
10990,-0.871597,11655,10577,11090,10563,11278,10373,-111,1
11000,-0.871597,11684,10535,11112,10554,11176,10475,-111,1
11010,-0.871597,11653,10497,11214,10505,11154,10513,-111,1
11020,-0.871597,11771,10479,11202,10464,11225,10395,-111,1
11030,-0.871597,11741,10442,11134,10566,11180,10473,-111,1
11040,-0.871597,11765,10390,11149,10610,11201,10421,-111,1
11050,-0.871597,11855,10378,11162,10586,11224,10331,-111,1
11060,-0.871597,11829,10378,11202,10549,11142,10436,-111,1
11070,-0.871597,11888,10310,11192,10673,11082,10391,-111,1
11080,-0.871597,11861,10382,11175,10643,11119,10356,-111,1
11090,-0.871597,11753,10324,11279,10569,11136,10475,-111,1
11100,-0.871597,11808,10391,11183,10600,11180,10374,-111,1
11110,-0.871597,11723,10407,11262,10560,11188,10396,-111,1
11120,-0.871597,11745,10383,11265,10508,11237,10398,-111,1
11130,-0.871597,11772,10310,11309,10539,11177,10429,-111,1
11140,-0.871597,11774,10363,11209,10531,11230,10429,-111,1
11150,-0.871597,11818,10363,11217,10539,11260,10339,-111,1
11160,-0.871597,11791,10420,11247,10582,11131,10365,-111,1
11170,-0.871597,11748,10455,11238,10536,11186,10373,-111,1
11180,-0.871597,11719,10497,11231,10541,11262,10286,-111,1
11190,-0.871597,11768,10493,11141,10548,11193,10393,-111,1
11200,-0.871597,11837,10441,11242,10507,11206,10303,-111,1
11210,-0.871597,11738,10466,11245,10552,11075,10460,-111,1
11220,-0.871597,11772,10467,11241,10517,11148,10391,-111,1
11230,-0.871597,11846,10489,11213,10524,11128,10336,-111,1
11240,-0.871597,11936,10455,11167,10528,11286,10164,-111,1
11250,-0.871597,11867,10429,11260,10474,11251,10255,-111,1
11260,-0.871597,11863,10311,11392,10451,11166,10353,-111,1
11270,-0.871597,11871,10343,11289,10620,11162,10251,-111,1
11280,-0.871597,11820,10357,11281,10504,11167,10407,-111,1
11290,-0.871597,11925,10225,11391,10491,11180,10324,-111,1
11300,-0.871597,11857,10308,11296,10532,11174,10369,-111,1
11310,-0.871597,11796,10347,11406,10437,11155,10395,-111,1
11320,-0.871597,11899,10375,11257,10515,11078,10412,-111,1
11330,-0.871597,11903,10389,11242,10568,11187,10247,-111,1
11340,-0.871597,11846,10405,11327,10479,11177,10302,-111,1
11350,-0.871597,11834,10435,11262,10582,11132,10291,-111,1
11360,-0.871597,11774,10434,11305,10576,11092,10355,-111,1
11370,-0.871597,11758,10467,11320,10505,11111,10375,-111,1
11380,-0.871597,11790,10455,11238,10514,11218,10321,-111,1
11390,-0.871597,11747,10477,11282,10420,11266,10344,-111,1
11400,-0.871597,11734,10408,11444,10354,11226,10370,-111,1
11410,-0.871597,11747,10474,11350,10392,11229,10344,-111,1
11420,-0.871597,11676,10423,11414,10403,11232,10388,-111,1
11430,-0.871597,11677,10484,11345,10369,11293,10368,-111,1
11440,-0.871597,11690,10479,11420,10311,11260,10376,-111,1
11450,-0.871597,11676,10508,11282,10344,11280,10446,-111,1
11460,-0.871597,11750,10481,11303,10415,11170,10417,-111,1
11470,-0.871613,11789,10429,11281,10451,11244,10342,-111,2
11480,-0.871597,11758,10435,11285,10512,11190,10356,-111,1
11490,-0.871613,11820,10384,11267,10539,11251,10275,-111,2
11500,-0.871597,11822,10383,11302,10422,11268,10339,-111,1
11510,-0.871597,11802,10331,11228,10483,11260,10432,-111,1
11520,-0.871597,11831,10379,11288,10516,11071,10451,-111,1
11530,-0.871597,11723,10424,11287,10458,11182,10462,-111,1
11540,-0.871597,11656,10479,11274,10374,11248,10505,-111,1
11550,-0.871597,11752,10401,11315,10439,11168,10461,-111,1
11560,-0.871597,11834,10403,11236,10542,11135,10386,-111,1
11570,-0.871597,11688,10388,11241,10509,11236,10474,-111,1
11580,-0.871597,11695,10411,11287,10429,11177,10537,-111,1
11590,-0.871597,11705,10378,11258,10468,11227,10500,-111,1
11600,-0.871597,11656,10395,11335,10400,11225,10525,-111,1
11610,-0.871597,11539,10510,11235,10445,11271,10536,-111,1
11620,-0.871597,11616,10467,11207,10498,11236,10512,-111,1
11630,-0.871597,11466,10552,11242,10465,11136,10675,-111,1
11640,-0.871597,11511,10629,11194,10506,11151,10545,-111,1
11650,-0.871597,11613,10501,11147,10651,11059,10565,-111,1
11660,-0.871613,11576,10522,11253,10476,11123,10586,-111,2
11670,-0.871597,11608,10529,11171,10576,11125,10527,-111,1
11680,-0.871597,11569,10555,11165,10524,11165,10558,-111,1
11690,-0.871597,11517,10526,11246,10596,11071,10580,-111,1
11700,-0.871597,11524,10492,11269,10572,11074,10605,-111,1
11710,-0.871597,11638,10498,11235,10583,11080,10502,-111,1
11720,-0.871597,11707,10456,11328,10440,11144,10461,-111,1
11730,-0.871597,11747,10354,11360,10441,11226,10408,-111,1
11740,-0.871597,11767,10360,11331,10471,11267,10340,-111,1
11750,-0.871597,11766,10322,11342,10410,11322,10374,-111,1
11760,-0.871597,11781,10448,11283,10378,11340,10306,-111,1
11770,-0.871597,11635,10478,11366,10354,11362,10341,-111,1
11780,-0.871597,11668,10567,11268,10343,11338,10352,-111,1
11790,-0.871597,11762,10501,11205,10416,11310,10342,-111,1
11800,-0.871597,11741,10451,11358,10388,11178,10420,-111,1
11810,-0.871597,11768,10459,11313,10381,11177,10438,-111,1
11820,-0.871597,11894,10312,11377,10360,11237,10356,-111,1
11830,-0.871597,11783,10364,11401,10321,11273,10394,-111,1
11840,-0.871597,11591,10505,11394,10276,11246,10524,-111,1
11850,-0.871597,11796,10398,11325,10348,11236,10433,-111,1
11860,-0.871597,11761,10413,11390,10295,11287,10390,-111,1
11870,-0.871597,11699,10414,11409,10290,11333,10391,-111,1
11880,-0.871597,11616,10540,11342,10321,11238,10479,-111,1
11890,-0.871597,11684,10400,11360,10378,11297,10417,-111,1
11900,-0.871597,11662,10436,11327,10378,11243,10490,-111,1
11910,-0.871597,11765,10446,11303,10337,11237,10448,-111,1
11920,-0.871597,11715,10420,11398,10377,11221,10405,-111,1
11930,-0.871597,11676,10455,11383,10327,11251,10444,-111,1
11940,-0.871597,11659,10464,11407,10414,11214,10378,-111,1
11950,-0.871597,11721,10379,11340,10502,11156,10438,-111,1
11960,-0.871597,11786,10372,11369,10514,11055,10440,-111,1
11970,-0.871597,11839,10330,11278,10494,11197,10398,-111,1
11980,-0.871597,11831,10409,11256,10505,11185,10350,-111,1
11990,-0.871597,11778,10381,11303,10500,11156,10418,-111,1
12000,-0.871597,11650,10416,11343,10550,11073,10504,-111,1
12010,-0.871597,11769,10323,11356,10555,11149,10384,-111,1
12020,-0.871597,11781,10447,11273,10490,11139,10406,-111,1
12030,-0.871597,11734,10381,11297,10456,11187,10481,-111,1
12040,-0.871597,11674,10460,11193,10479,11282,10448,-111,1
12050,-0.871613,11677,10404,11304,10502,11151,10498,-111,2
12060,-0.871597,11739,10440,11147,10540,11179,10491,-111,1
12070,-0.871597,11687,10494,11158,10588,11127,10482,-111,1
12080,-0.871597,11647,10480,11236,10438,11271,10464,-111,1
12090,-0.871597,11724,10408,11266,10421,11241,10476,-111,1
12100,-0.871597,11608,10492,11186,10431,11280,10539,-111,1
12110,-0.871597,11749,10449,11151,10452,11354,10381,-111,1
12120,-0.871597,11738,10470,11215,10438,11293,10382,-111,1
12130,-0.871597,11649,10555,11153,10503,11326,10350,-111,1
12140,-0.871613,11732,10484,11200,10454,11320,10346,-111,2
12150,-0.871597,11750,10402,11211,10555,11206,10412,-111,1
12160,-0.871597,11847,10466,11157,10440,11166,10460,-111,1
12170,-0.871597,11825,10465,11187,10449,11258,10352,-111,1
12180,-0.871597,11807,10468,11167,10463,11289,10342,-111,1
12190,-0.871597,11794,10512,11151,10444,11275,10360,-111,1
12200,-0.871597,11893,10365,11165,10560,11194,10359,-111,1
12210,-0.871597,11788,10429,11261,10535,11181,10342,-111,1
12220,-0.871597,11740,10526,11154,10577,11248,10291,-111,1
12230,-0.871613,11692,10504,11281,10525,11173,10361,-111,2
12240,-0.871597,11646,10488,11334,10466,11196,10406,-111,1
12250,-0.871597,11810,10354,11278,10541,11212,10341,-111,1
12260,-0.871613,11824,10413,11271,10500,11170,10358,-111,2
12270,-0.871597,11751,10455,11293,10432,11248,10357,-111,1
12280,-0.871597,11759,10479,11288,10429,11176,10405,-111,1
12290,-0.871597,11750,10454,11309,10468,11234,10321,-111,1
12300,-0.871597,11710,10571,11215,10447,11226,10367,-111,1
12310,-0.871597,11597,10502,11293,10454,11233,10457,-111,1
12320,-0.871597,11556,10571,11209,10517,11176,10507,-111,1
12330,-0.871597,11691,10438,11316,10415,11211,10465,-111,1
12340,-0.871597,11705,10521,11227,10503,11205,10375,-111,1
12350,-0.871597,11628,10488,11184,10516,11293,10427,-111,1
12360,-0.871597,11746,10487,11234,10465,11181,10423,-111,1
12370,-0.871597,11612,10493,11224,10508,11158,10541,-111,1
12380,-0.871597,11675,10426,11299,10514,11126,10496,-111,1
12390,-0.871597,11779,10330,11227,10537,11171,10492,-111,1
12400,-0.871597,11692,10410,11264,10481,11255,10434,-111,1
12410,-0.871597,11776,10336,11227,10565,11195,10437,-111,1
12420,-0.871597,11697,10425,11161,10621,11117,10515,-111,1
12430,-0.871597,11726,10387,11160,10637,11103,10523,-111,1
12440,-0.871597,11586,10494,11159,10637,11169,10491,-111,1
12450,-0.871597,11685,10503,11153,10559,11298,10338,-111,1
12460,-0.871597,11698,10488,11140,10639,11239,10332,-111,1
12470,-0.871597,11579,10592,11105,10643,11208,10409,-111,1
12480,-0.871597,11549,10603,11175,10542,11196,10471,-111,1
12490,-0.871597,11536,10545,11133,10605,11300,10417,-111,1
12500,-0.871597,11512,10537,11140,10641,11193,10513,-111,1
12510,-0.871597,11567,10519,11337,10484,11280,10349,-111,1
12520,-0.871597,11518,10601,11282,10506,11173,10456,-111,1
12530,-0.871597,11634,10496,11301,10507,11208,10390,-111,1
12540,-0.871597,11680,10533,11186,10588,11224,10325,-111,1
12550,-0.871597,11722,10463,11213,10613,11150,10375,-111,1
12560,-0.871597,11569,10495,11214,10634,11140,10484,-111,1
12570,-0.871597,11679,10500,11239,10554,11142,10422,-111,1
12580,-0.871597,11655,10436,11279,10541,11221,10404,-111,1
12590,-0.871597,11557,10578,11197,10566,11244,10394,-111,1
12600,-0.871597,11659,10516,11086,10529,11318,10428,-111,1
12610,-0.871597,11592,10488,11138,10520,11335,10463,-111,1
12620,-0.871597,11571,10506,11172,10464,11324,10499,-111,1
12630,-0.871597,11548,10485,11169,10588,11243,10503,-111,1
12640,-0.871597,11577,10466,11225,10554,11245,10469,-111,1
12650,-0.871597,11513,10411,11293,10514,11263,10542,-111,1
12660,-0.871597,11600,10385,11360,10444,11262,10485,-111,1
12670,-0.871597,11586,10376,11426,10391,11188,10569,-111,1
12680,-0.871597,11634,10459,11321,10391,11269,10462,-111,1
12690,-0.871597,11549,10497,11320,10379,11321,10470,-111,1
12700,-0.871597,11651,10460,11333,10380,11368,10344,-111,1
12710,-0.871597,11585,10486,11264,10426,11321,10454,-111,1
12720,-0.871597,11636,10487,11218,10460,11257,10478,-111,1
12730,-0.871597,11608,10523,11244,10413,11229,10519,-111,1
12740,-0.871597,11596,10495,11209,10353,11364,10519,-111,1
12750,-0.871597,11616,10434,11276,10397,11294,10519,-111,1
12760,-0.871597,11580,10565,11181,10546,11152,10512,-111,1
12770,-0.871597,11625,10545,11158,10463,11256,10489,-111,1
12780,-0.871597,11630,10519,11239,10462,11272,10414,-111,1
12790,-0.871613,11668,10496,11218,10496,11308,10350,-111,2
12800,-0.871597,11594,10561,11216,10508,11253,10404,-111,1
12810,-0.871597,11673,10459,11244,10507,11235,10418,-111,1
12820,-0.871597,11621,10373,11322,10473,11232,10515,-111,1
12830,-0.871597,11717,10447,11296,10455,11252,10369,-111,1
12840,-0.871597,11730,10529,11161,10512,11245,10359,-111,1
12850,-0.871597,11690,10447,11224,10527,11222,10426,-111,1
12860,-0.871597,11677,10489,11233,10461,11249,10427,-111,1
12870,-0.871597,11626,10572,11186,10487,11302,10363,-111,1
12880,-0.871597,11577,10504,11305,10489,11231,10430,-111,1
12890,-0.871597,11524,10488,11349,10411,11250,10514,-111,1
12900,-0.871597,11577,10466,11362,10445,11162,10524,-111,1
12910,-0.871597,11642,10466,11338,10355,11265,10470,-111,1
12920,-0.871597,11580,10559,11275,10371,11268,10483,-111,1
12930,-0.871597,11598,10605,11205,10420,11257,10451,-111,1
12940,-0.871597,11638,10544,11211,10507,11183,10453,-111,1
12950,-0.871597,11724,10552,11185,10490,11294,10291,-111,1
12960,-0.871597,11603,10610,11161,10478,11325,10359,-111,1
12970,-0.871597,11641,10527,11202,10502,11338,10326,-111,1
12980,-0.871597,11669,10531,11220,10546,11214,10356,-111,1
12990,-0.871597,11685,10552,11199,10471,11240,10389,-111,1
13000,-0.871597,11736,10444,11276,10461,11220,10399,-111,1
13010,-0.871597,11699,10463,11288,10442,11275,10369,-111,1
13020,-0.871597,11736,10416,11306,10561,11152,10365,-111,1
13030,-0.871597,11794,10408,11294,10483,11246,10311,-111,1
13040,-0.871597,11794,10483,11231,10506,11147,10375,-111,1
13050,-0.871597,11701,10431,11422,10430,11227,10325,-111,1
13060,-0.871597,11712,10402,11284,10518,11202,10418,-111,1
13070,-0.871597,11625,10499,11205,10611,11142,10454,-111,1
13080,-0.871597,11690,10510,11189,10648,11034,10465,-111,1
13090,-0.871597,11633,10530,11267,10561,11077,10468,-111,1
13100,-0.871597,11670,10538,11100,10705,11083,10440,-111,1
13110,-0.871597,11671,10568,11167,10572,11072,10486,-111,1
13120,-0.871597,11475,10598,11211,10579,11100,10573,-111,1
13130,-0.871597,11577,10544,11222,10606,11045,10542,-111,1
13140,-0.871597,11579,10529,11177,10549,11171,10531,-111,1
13150,-0.871597,11568,10490,11307,10431,11226,10514,-111,1
13160,-0.871597,11481,10547,11282,10467,11253,10506,-111,1
13170,-0.871597,11564,10496,11301,10440,11266,10469,-111,1
13180,-0.871597,11582,10552,11249,10479,11235,10439,-111,1
13190,-0.871597,11615,10517,11225,10554,11213,10412,-111,1
13200,-0.871597,11655,10508,11190,10520,11263,10400,-111,1
13210,-0.871597,11627,10534,11184,10527,11265,10399,-111,1
13220,-0.871597,11655,10550,11113,10572,11183,10463,-111,1
13230,-0.871597,11577,10541,11163,10533,11207,10515,-111,1
13240,-0.871597,11719,10490,11089,10560,11258,10420,-111,1
13250,-0.871597,11740,10498,11171,10496,11258,10373,-111,1
13260,-0.871597,11593,10612,11190,10486,11164,10491,-111,1
13270,-0.871597,11603,10683,11089,10537,11175,10449,-111,1
13280,-0.871597,11553,10698,11098,10486,11253,10448,-111,1
13290,-0.871597,11499,10579,11167,10499,11248,10544,-111,1
13300,-0.871597,11536,10607,11183,10526,11226,10458,-111,1
13310,-0.871597,11588,10555,11234,10580,11152,10427,-111,1
13320,-0.871597,11641,10551,11261,10467,11313,10303,-111,1
13330,-0.871597,11673,10543,11239,10534,11215,10332,-111,1
13340,-0.871597,11712,10543,11179,10498,11335,10269,-111,1
13350,-0.871597,11737,10477,11299,10394,11281,10348,-111,1
13360,-0.871597,11719,10448,11206,10530,11189,10444,-111,1
13370,-0.871597,11673,10608,11096,10526,11205,10428,-111,1
13380,-0.871597,11540,10683,11064,10577,11207,10465,-111,1
13390,-0.871597,11661,10581,11145,10524,11229,10396,-111,1
13400,-0.871597,11608,10647,11106,10582,11165,10428,-111,1
13410,-0.871597,11575,10533,11171,10628,11157,10472,-111,1
13420,-0.871597,11620,10510,11102,10782,11061,10461,-111,1
13430,-0.871597,11575,10545,11193,10638,11096,10489,-111,1
13440,-0.871597,11578,10630,11115,10690,11077,10446,-111,1
13450,-0.871597,11545,10674,11028,10737,11103,10449,-111,1
13460,-0.871597,11520,10581,11142,10661,11162,10470,-111,1
13470,-0.871597,11591,10558,11128,10677,11125,10457,-111,1
13480,-0.871597,11655,10538,11091,10698,11104,10450,-111,1
13490,-0.871597,11675,10575,11069,10614,11147,10456,-111,1
13500,-0.871597,11599,10564,11085,10695,11101,10492,-111,1
13510,-0.871597,11619,10569,11053,10766,11044,10485,-111,1
13520,-0.871597,11395,10680,11135,10554,11143,10629,-111,1
13530,-0.871597,11472,10622,11126,10635,11066,10615,-111,1
13540,-0.871597,11502,10603,11175,10666,11015,10575,-111,1
13550,-0.871597,11583,10563,11162,10758,11029,10441,-111,1
13560,-0.871597,11576,10545,11102,10738,11017,10558,-111,1
13570,-0.871597,11591,10578,11176,10620,11053,10518,-111,1
13580,-0.871597,11663,10544,11165,10586,11169,10409,-111,1
13590,-0.871597,11600,10525,11254,10607,11187,10363,-111,1
13600,-0.871613,11537,10593,11204,10503,11247,10452,-111,2
13610,-0.871597,11596,10458,11222,10558,11201,10501,-111,1
13620,-0.871597,11629,10509,11236,10504,11190,10468,-111,1
13630,-0.871597,11628,10491,11224,10441,11262,10490,-111,1
13640,-0.871597,11570,10549,11252,10520,11168,10477,-111,1
13650,-0.871597,11653,10553,11148,10602,11151,10429,-111,1
13660,-0.871597,11575,10641,11128,10570,11131,10491,-111,1
13670,-0.871597,11639,10582,11192,10550,11151,10422,-111,1
13680,-0.871597,11581,10655,11143,10606,11106,10445,-111,1
13690,-0.871597,11651,10583,11182,10542,11225,10353,-111,1
13700,-0.871597,11619,10613,11205,10502,11189,10408,-111,1
13710,-0.871597,11707,10535,11212,10568,11170,10344,-111,1
13720,-0.871597,11618,10585,11151,10547,11199,10436,-111,1
13730,-0.871597,11680,10601,11180,10455,11261,10359,-111,1
13740,-0.871597,11799,10491,11208,10440,11258,10340,-111,1
13750,-0.871597,11661,10600,11090,10571,11164,10450,-111,1
13760,-0.871597,11662,10556,11002,10722,11104,10490,-111,1
13770,-0.871597,11641,10555,11129,10619,11105,10487,-111,1
13780,-0.871597,11596,10516,11195,10555,11116,10558,-111,1
13790,-0.871597,11656,10510,11198,10629,11000,10543,-111,1
13800,-0.871613,11494,10565,11235,10562,11103,10577,-111,2
13810,-0.871597,11511,10514,11247,10566,11067,10631,-111,1
13820,-0.871597,11570,10505,11191,10640,11069,10561,-111,1
13830,-0.871597,11482,10601,11220,10599,11115,10519,-111,1
13840,-0.871597,11508,10614,11181,10589,11128,10516,-111,1
13850,-0.871597,11557,10663,11183,10579,11124,10430,-111,1
13860,-0.871597,11607,10538,11213,10542,11192,10444,-111,1
13870,-0.871597,11527,10679,11134,10555,11267,10374,-111,1
13880,-0.871597,11478,10605,11201,10562,11266,10424,-111,1
13890,-0.871597,11451,10750,11128,10533,11240,10434,-111,1
13900,-0.871597,11421,10743,11065,10644,11186,10477,-111,1
13910,-0.871597,11526,10715,11060,10611,11218,10406,-111,1
13920,-0.871597,11484,10863,11015,10563,11293,10318,-111,1
13930,-0.871597,11523,10706,11077,10644,11188,10398,-111,1
13940,-0.871597,11526,10755,10974,10628,11364,10289,-111,1
13950,-0.871597,11545,10729,11062,10612,11203,10385,-111,1
13960,-0.871597,11473,10696,11055,10688,11153,10471,-111,1
13970,-0.871597,11523,10718,11017,10729,11053,10496,-111,1
13980,-0.871597,11585,10658,11112,10659,11103,10419,-111,1
13990,-0.871597,11525,10589,11114,10739,11106,10463,-111,1
14000,-0.871597,11516,10580,11134,10717,11015,10574,-111,1
14010,-0.871597,11542,10570,11159,10681,11047,10537,-111,1
14020,-0.871597,11690,10471,11191,10664,11016,10504,-111,1
14030,-0.871597,11604,10510,11215,10612,11050,10545,-111,1
14040,-0.871597,11625,10466,11197,10657,11098,10493,-111,1
14050,-0.871597,11661,10435,11156,10655,11183,10446,-111,1
14060,-0.871613,11744,10408,11189,10659,11135,10401,-111,2
14070,-0.871597,11631,10515,11209,10552,11238,10391,-111,1
14080,-0.871597,11687,10443,11203,10498,11217,10488,-111,1
14090,-0.871597,11746,10423,11197,10516,11186,10468,-111,1
14100,-0.871597,11544,10501,11251,10524,11130,10586,-111,1
14110,-0.871597,11630,10431,11189,10605,11194,10487,-111,1
14120,-0.871597,11512,10523,11233,10573,11184,10511,-111,1
14130,-0.871597,11545,10571,11178,10539,11295,10408,-111,1
14140,-0.871597,11465,10513,11232,10591,11186,10549,-111,1
14150,-0.871597,11561,10432,11291,10574,11198,10480,-111,1
14160,-0.871597,11587,10380,11328,10506,11226,10509,-111,1
14170,-0.871597,11567,10421,11308,10548,11158,10534,-111,1
14180,-0.871597,11486,10547,11196,10617,11134,10556,-111,1
14190,-0.871597,11468,10518,11219,10576,11142,10613,-111,1
14200,-0.871597,11566,10513,11174,10622,11044,10617,-111,1
14210,-0.871597,11584,10423,11254,10640,11096,10539,-111,1
14220,-0.871597,11483,10493,11249,10629,11086,10596,-111,1
14230,-0.871597,11515,10553,11098,10713,11046,10611,-111,1
14240,-0.871597,11450,10582,11157,10683,10940,10724,-111,1
14250,-0.871597,11507,10544,11087,10697,10909,10792,-111,1
14260,-0.871597,11482,10576,11104,10645,11024,10705,-111,1
14270,-0.871597,11564,10576,11068,10654,11106,10568,-111,1
14280,-0.871597,11607,10544,11072,10722,11145,10446,-111,1
14290,-0.871597,11559,10530,11103,10617,11118,10609,-111,1
14300,-0.871597,11590,10506,11201,10649,11126,10464,-111,1
14310,-0.871597,11604,10542,11184,10631,11122,10453,-111,1
14320,-0.871597,11630,10456,11196,10676,11168,10410,-111,1
14330,-0.871597,11598,10488,11177,10690,11146,10437,-111,1
14340,-0.871597,11710,10512,11202,10585,11167,10360,-111,1
14350,-0.871597,11705,10513,11208,10638,11058,10414,-111,1
14360,-0.871597,11560,10582,11164,10699,10948,10583,-111,1
14370,-0.871597,11511,10726,11166,10606,10985,10542,-111,1
14380,-0.871597,11565,10597,11124,10698,10926,10626,-111,1
14390,-0.871597,11582,10576,11103,10662,11070,10543,-111,1
14400,-0.871597,11569,10639,11065,10670,11069,10524,-111,1
14410,-0.871597,11525,10661,11038,10718,11024,10570,-111,1
14420,-0.871597,11464,10664,11181,10585,11138,10504,-111,1
14430,-0.871597,11469,10717,11059,10633,11120,10538,-111,1
14440,-0.871597,11433,10788,11069,10556,11120,10570,-111,1
14450,-0.871597,11531,10687,11086,10597,11161,10474,-111,1
14460,-0.871597,11579,10591,11090,10693,11103,10480,-111,1
14470,-0.871597,11523,10609,11077,10667,11117,10543,-111,1
14480,-0.871597,11536,10685,10942,10732,11199,10442,-111,1
14490,-0.871613,11578,10589,11001,10669,11182,10517,-111,2
14500,-0.871597,11475,10620,11022,10724,11113,10582,-111,1
14510,-0.871597,11489,10656,10959,10757,11162,10513,-111,1
14520,-0.871597,11560,10710,10965,10780,11102,10419,-111,1
14530,-0.871597,11540,10675,10942,10815,11135,10429,-111,1
14540,-0.871597,11587,10629,10973,10816,11120,10411,-111,1
14550,-0.871597,11453,10657,11028,10718,11194,10486,-111,1
14560,-0.871597,11425,10683,11097,10609,11251,10471,-111,1
14570,-0.871597,11424,10664,11036,10648,11236,10528,-111,1
14580,-0.871597,11507,10599,11079,10605,11195,10551,-111,1
14590,-0.871597,11481,10582,11055,10670,11226,10522,-111,1
14600,-0.871597,11501,10620,10976,10773,11073,10593,-111,1
14610,-0.871597,11407,10612,10993,10739,11201,10584,-111,1
14620,-0.871597,11472,10627,11075,10676,11156,10530,-111,1
14630,-0.871597,11532,10588,11084,10647,11163,10522,-111,1
14640,-0.871597,11523,10614,11088,10648,11078,10585,-111,1
14650,-0.871597,11436,10694,11095,10666,11118,10527,-111,1
14660,-0.871597,11547,10637,11027,10723,11178,10424,-111,1
14670,-0.871597,11493,10679,11031,10704,11133,10496,-111,1
14680,-0.871597,11539,10607,11098,10601,11225,10466,-111,1
14690,-0.871597,11388,10662,11178,10604,11111,10593,-111,1
14700,-0.871597,11478,10587,11184,10597,11133,10557,-111,1
14710,-0.871597,11475,10666,11167,10499,11175,10554,-111,1
14720,-0.871597,11473,10616,11211,10497,11202,10537,-111,1
14730,-0.871597,11500,10601,11243,10545,11097,10550,-111,1
14740,-0.871597,11538,10624,11150,10598,11069,10557,-111,1
14750,-0.871597,11459,10683,11090,10589,11155,10560,-111,1
14760,-0.871597,11460,10668,11133,10589,11233,10453,-111,1
14770,-0.871613,11378,10616,11218,10607,11109,10608,-111,2
14780,-0.871597,11455,10584,11140,10540,11214,10603,-111,1
14790,-0.871597,11366,10564,11171,10623,11117,10695,-111,1
14800,-0.871597,11383,10632,11057,10655,11171,10638,-111,1
14810,-0.871597,11420,10586,11168,10638,11168,10556,-111,1
14820,-0.871597,11506,10567,11124,10675,11117,10547,-111,1
14830,-0.871597,11460,10539,11194,10681,11046,10616,-111,1
14840,-0.871597,11495,10574,11101,10711,11045,10610,-111,1
14850,-0.871597,11447,10659,11132,10693,11061,10544,-111,1
14860,-0.871597,11498,10635,11078,10655,11128,10542,-111,1
14870,-0.871597,11486,10648,11107,10543,11172,10580,-111,1
14880,-0.871597,11573,10610,11125,10614,11135,10479,-111,1
14890,-0.871597,11630,10662,11057,10646,11117,10424,-111,1
14900,-0.871597,11459,10747,11028,10665,11162,10475,-111,1
14910,-0.871597,11437,10753,10998,10669,11240,10439,-111,1
14920,-0.871613,11497,10763,11067,10608,11146,10455,-111,2
14930,-0.871597,11577,10645,11089,10621,11203,10401,-111,1
14940,-0.871597,11620,10534,11147,10682,11109,10444,-111,1
14950,-0.871597,11668,10637,11035,10652,11213,10331,-111,1
14960,-0.871597,11725,10592,11116,10596,11271,10236,-111,1
14970,-0.871597,11708,10525,11198,10624,11120,10361,-111,1
14980,-0.871597,11730,10502,11232,10582,11138,10352,-111,1
14990,-0.871597,11706,10455,11274,10603,11025,10473,-111,1
15000,-0.871597,11709,10445,11256,10582,11110,10434,-111,1
15010,-0.871597,11734,10484,11208,10508,11179,10423,-111,1
15020,-0.871597,11702,10421,11301,10528,11075,10509,-111,1
15030,-0.871597,11675,10472,11297,10518,11103,10471,-111,1
15040,-0.871597,11726,10514,11213,10576,11113,10394,-111,1
15050,-0.871597,11650,10518,11242,10567,11100,10459,-111,1
15060,-0.871597,11679,10498,11218,10542,11169,10430,-111,1
15070,-0.871597,11668,10474,11193,10626,11105,10470,-111,1
15080,-0.871597,11561,10581,11119,10640,11132,10503,-111,1
15090,-0.871597,11650,10538,11143,10533,11177,10495,-111,1
15100,-0.871597,11712,10509,11144,10560,11201,10410,-111,1
15110,-0.871597,11693,10505,11104,10622,11173,10439,-111,1
15120,-0.871597,11671,10495,11092,10633,11178,10467,-111,1
15130,-0.871597,11750,10397,11155,10617,11125,10492,-111,1
15140,-0.871597,11805,10355,11252,10595,11113,10416,-111,1
15150,-0.871597,11711,10445,11231,10660,11077,10412,-111,1
15160,-0.871597,11656,10487,11177,10729,11078,10409,-111,1
15170,-0.871597,11618,10509,11091,10718,11109,10491,-111,1
15180,-0.871597,11627,10549,11162,10622,11090,10486,-111,1
15190,-0.871597,11559,10558,11178,10687,10976,10578,-111,1
15200,-0.871597,11597,10537,11180,10658,11045,10519,-111,1
15210,-0.871597,11622,10500,11232,10531,11115,10536,-111,1
15220,-0.871597,11601,10481,11190,10654,11091,10519,-111,1
15230,-0.871597,11564,10522,11133,10694,11114,10509,-111,1
15240,-0.871597,11528,10611,11032,10664,11220,10481,-111,1
15250,-0.871597,11659,10549,11061,10682,11202,10383,-111,1
15260,-0.871597,11745,10429,11174,10587,11127,10474,-111,1
15270,-0.871597,11727,10391,11174,10626,11135,10483,-111,1
15280,-0.871597,11664,10536,11098,10616,11089,10533,-111,1
15290,-0.871597,11688,10597,11055,10539,11223,10434,-111,1
15300,-0.871597,11626,10562,11123,10582,11200,10443,-111,1
15310,-0.871597,11677,10525,11080,10661,11072,10521,-111,1
15320,-0.871597,11616,10591,11114,10585,11140,10490,-111,1
15330,-0.871597,11653,10556,11152,10612,11093,10470,-111,1
15340,-0.871597,11667,10487,11226,10536,11156,10464,-111,1
15350,-0.871597,11646,10473,11251,10578,11118,10470,-111,1
15360,-0.871597,11633,10496,11206,10650,11108,10443,-111,1
15370,-0.871597,11680,10503,11221,10526,11266,10340,-111,1
15380,-0.871597,11595,10589,11177,10523,11253,10399,-111,1
15390,-0.871597,11619,10529,11186,10571,11194,10437,-111,1
15400,-0.871597,11604,10504,11213,10575,11135,10505,-111,1
15410,-0.871597,11622,10576,11151,10425,11302,10460,-111,1
15420,-0.871597,11612,10558,11256,10456,11229,10425,-111,1
15430,-0.871597,11591,10533,11231,10441,11229,10511,-111,1
15440,-0.871597,11506,10555,11239,10502,11181,10553,-111,1
15450,-0.871597,11495,10646,11204,10433,11272,10486,-111,1
15460,-0.871597,11511,10563,11246,10456,11278,10482,-111,1
15470,-0.871597,11577,10571,11207,10522,11199,10460,-111,1
15480,-0.871597,11613,10495,11235,10565,11135,10493,-111,1
15490,-0.871597,11592,10554,11205,10542,11106,10537,-111,1
15500,-0.871597,11556,10512,11312,10488,11227,10441,-111,1
15510,-0.871597,11582,10486,11288,10471,11236,10473,-111,1
15520,-0.871597,11565,10483,11309,10454,11258,10467,-111,1
15530,-0.871597,11727,10480,11138,10577,11251,10363,-111,1
15540,-0.871597,11646,10452,11174,10604,11178,10482,-111,1
15550,-0.871597,11635,10503,11122,10639,11107,10530,-111,1
15560,-0.871597,11535,10521,11166,10619,11088,10607,-111,1
15570,-0.871597,11628,10548,11150,10671,10978,10561,-111,1
15580,-0.871597,11640,10583,11024,10669,11115,10505,-111,1
15590,-0.871597,11589,10521,11141,10622,11099,10564,-111,1
15600,-0.871597,11603,10488,11106,10639,11133,10567,-111,1
15610,-0.871597,11624,10464,11168,10635,11094,10551,-111,1
15620,-0.871597,11605,10458,11219,10617,11131,10506,-111,1
15630,-0.871597,11582,10484,11184,10664,11027,10595,-111,1
15640,-0.871597,11619,10516,11174,10731,10945,10551,-111,1
15650,-0.871597,11683,10443,11218,10621,11054,10517,-111,1
15660,-0.871597,11575,10611,11129,10710,10943,10568,-111,1
15670,-0.871597,11572,10552,11119,10745,11008,10540,-111,1
15680,-0.871597,11562,10487,11144,10758,11062,10523,-111,1
15690,-0.871597,11554,10581,11138,10704,10979,10580,-111,1
15700,-0.871597,11493,10636,11176,10579,11070,10582,-111,1
15710,-0.871597,11532,10579,11205,10605,10963,10652,-111,1
15720,-0.871597,11560,10496,11241,10627,11056,10556,-111,1
15730,-0.871597,11566,10491,11256,10589,11024,10610,-111,1
15740,-0.871597,11598,10489,11215,10587,11052,10595,-111,1
15750,-0.871597,11523,10550,11172,10651,11008,10632,-111,1
15760,-0.871597,11568,10531,11246,10530,11101,10560,-111,1
15770,-0.871597,11536,10519,11216,10562,11086,10617,-111,1
15780,-0.871597,11669,10317,11232,10651,11005,10662,-111,1
15790,-0.871597,11619,10384,11273,10574,11026,10660,-111,1
15800,-0.871597,11644,10324,11286,10600,11103,10579,-111,1
15810,-0.871597,11559,10410,11222,10662,11090,10593,-111,1
15820,-0.871597,11663,10364,11179,10722,11056,10552,-111,1
15830,-0.871597,11643,10386,11147,10734,11119,10507,-111,1
15840,-0.871597,11670,10436,11163,10681,11066,10520,-111,1
15850,-0.871597,11604,10389,11191,10679,11049,10624,-111,1
15860,-0.871597,11606,10443,11197,10607,11059,10624,-111,1
15870,-0.871597,11567,10448,11228,10599,11065,10629,-111,1
15880,-0.871597,11542,10365,11358,10640,11014,10617,-111,1
15890,-0.871597,11619,10369,11294,10718,11011,10525,-111,1
15900,-0.871597,11567,10390,11349,10595,11073,10562,-111,1
15910,-0.871597,11525,10441,11275,10643,11026,10626,-111,1
15920,-0.871597,11545,10381,11387,10522,10973,10728,-111,1
15930,-0.871597,11457,10394,11354,10520,11020,10791,-111,1
15940,-0.871597,11450,10446,11305,10586,10999,10750,-111,1
15950,-0.871597,11424,10451,11374,10538,10991,10758,-111,1
15960,-0.871597,11360,10520,11267,10551,11033,10805,-111,1
15970,-0.871597,11492,10501,11271,10519,11053,10700,-111,1
15980,-0.871597,11503,10492,11278,10504,11129,10630,-111,1
15990,-0.871597,11602,10552,11200,10556,10983,10643,-111,1
